"","EC","hits","description","RXNID","Name"
"1","3.1.1.1",1,"methyl indole-3-acetate methylesterase","RXN-10767","(-)-methyl jasmonate + H2O  ->  (-)-jasmonate + methanol + H+"
"2","3.1.1.1",1,"methyl indole-3-acetate methylesterase","RXN-12252","(2-hydroxyphenyl)methyl 1-hydroxy-6-oxocyclohex-2-ene-1-carboxylate + H2O  ->  1-hydroxy-6-oxocyclohex-2-ene-1-carboxylate + salicyl alcohol + H+"
"3","3.1.1.1",1,"methyl indole-3-acetate methylesterase","3.1.1.64-RXN","all-trans-retinyl palmitate + H2O  ->  all-trans-retinol + palmitate + H+"
"4","3.1.1.1",1,"methyl indole-3-acetate methylesterase","RETINYL-PALMITATE-ESTERASE-RXN","all-trans-retinyl palmitate + H2O  ->  a retinol + palmitate + H+"
"5","3.1.1.1",1,"methyl indole-3-acetate methylesterase","CARBOXYLESTERASE-RXN","a carboxylic ester + H2O  ->  an alcohol + a carboxylate + H+"
"6","3.1.1.1",1,"methyl indole-3-acetate methylesterase","RXN18C3-61","acibenzolar-S-methyl + H2O  ->  acibenzolar + methanol"
"7","3.1.1.1",1,"methyl indole-3-acetate methylesterase","RXN-12575","an all-trans-retinyl ester + H2O  ->  all-trans-retinol + a fatty acid + H+"
"8","3.1.1.1",1,"methyl indole-3-acetate methylesterase","RXN-21569","L-phenylalanine methyl ester + H2O  ->  L-phenylalanine + methanol + H+"
"9","3.1.1.1",1,"methyl indole-3-acetate methylesterase","RXN-10711","methyl (indol-3-yl)acetate + H2O  ->  (indol-3-yl)acetate + methanol + H+"
"10","3.1.1.1",1,"methyl indole-3-acetate methylesterase","RXNQT-4366","methylsalicylate + H2O  ->  salicylate + methanol + H+"
"11","3.5.3.24",1,"N1-aminopropylagmatine ureohydrolase","RXN-12515","N1-(3-aminopropyl)agmatine + H2O  ->  spermidine + urea"
"12","5.1.1.1",1,"alanine racemase","ALARACECAT-RXN","L-alanine  <->  D-alanine"
"13","1.2.1.11",1,"aspartate-semialdehyde dehydrogenase","ASPARTATE-SEMIALDEHYDE-DEHYDROGENASE-RXN","L-aspartate 4-semialdehyde + NADP+ + phosphate  <->  L-aspartyl-4-phosphate + NADPH + H+"
"14","2.6.1.83",1,"L,L-diaminopimelate aminotransferase","RXN-7737","L,L-diaminopimelate + 2-oxoglutarate  <->  (S)-2,3,4,5-tetrahydrodipicolinate + L-glutamate + H2O + H+"
"15","3.1.3.3",1,"phosphoserine phosphatase","RXN0-5114","O-phospho-L-serine + H2O  ->  L-serine + phosphate"
"16","3.1.3.3",1,"phosphoserine phosphatase","PSERPHOSPHA-RXN","L(or D)-O-phosphoserine + H2O + H+  ->  D-or-L-serine + phosphate"
"17","2.1.2.1",1,"5,10-methylenetetrahydrofolate:glycine hydroxymethyltransferase","THMPT-SER-RXN","glycine + 5,10-methylene-tetrahydromethanopterin + H2O  <->  L-serine + tetrahydromethanopterin"
"18","2.1.2.1",1,"5,10-methylenetetrahydrofolate:glycine hydroxymethyltransferase","GLYOHMETRANS-RXN","L-serine + a tetrahydrofolate  <->  glycine + a 5,10-methylenetetrahydrofolate + H2O"
"19","6.1.1.14",1,"glycine--tRNA ligase","GLYCINE--TRNA-LIGASE-RXN","tRNAGly + glycine + ATP  ->  glycyl-[tRNAGly] + AMP + diphosphate"
"20","6.1.1.21",1,"histidine--tRNA ligase","HISTIDINE--TRNA-LIGASE-RXN","tRNAHis + L-histidine + ATP  ->  L-histidyl-[tRNAHis] + AMP + diphosphate"
"21","6.1.1.20",2,"phenylalanine--tRNA ligase","PHENYLALANINE--TRNA-LIGASE-RXN","tRNAPhe + L-phenylalanine + ATP  ->  L-phenylalanyl-[tRNAPhe] + AMP + diphosphate"
"22","6.1.1.20",2,"phenylalanine--tRNA ligase","RXN-23957","tRNAPhe + L-tyrosine + ATP  ->  L-tyrosyl-[tRNAPhe] + AMP + diphosphate"
"23","6.1.1.15",1,"proline--tRNA ligase","RXN-23940","tRNAPro + L-alanine + ATP  ->  L-alanyl-[tRNAPro] + AMP + diphosphate"
"24","6.1.1.15",1,"proline--tRNA ligase","PROLINE--TRNA-LIGASE-RXN","tRNAPro + L-proline + ATP  ->  L-prolyl-[tRNAPro] + AMP + diphosphate"
"25","6.1.1.3",1,"threonine--tRNA ligase","RXN-23947","tRNAThr + L-serine + ATP  ->  L-seryl-[tRNAThr] + AMP + diphosphate"
"26","6.1.1.3",1,"threonine--tRNA ligase","THREONINE--TRNA-LIGASE-RXN","tRNAThr + L-threonine + ATP  ->  L-threonyl-[tRNAThr] + AMP + diphosphate"
"27","6.1.1.2",1,"tryptophan--tRNA ligase","RXN-23933","tRNATrp + D-tryptophan + ATP  ->  D-tryptophanyl-[tRNATrp] + AMP + diphosphate"
"28","6.1.1.2",1,"tryptophan--tRNA ligase","TRYPTOPHAN--TRNA-LIGASE-RXN","tRNATrp + L-tryptophan + ATP  ->  AMP + L-tryptophanyl-[tRNATrp] + diphosphate"
"29","6.1.1.12",1,"aspartate--tRNA ligase","RXN-23928","tRNAasp + D-aspartate + ATP  ->  D-aspartyl-[tRNAasp] + AMP + diphosphate"
"30","6.1.1.22",1,"asparagine--tRNA ligase","ASPARAGINE--TRNA-LIGASE-RXN","tRNAAsn + L-asparagine + ATP  ->  L-asparaginyl-[tRNAAsn] + AMP + diphosphate"
"31","6.1.1.7",1,"alanine--tRNA ligase","RXN-23938","tRNAAla + glycine + ATP  ->  glycyl-[tRNAAla] + AMP + diphosphate"
"32","6.1.1.7",1,"alanine--tRNA ligase","ALANINE--TRNA-LIGASE-RXN","tRNAAla + L-alanine + ATP  ->  L-alanyl-[tRNAAla] + AMP + diphosphate"
"33","6.1.1.7",1,"alanine--tRNA ligase","RXN-23960","tRNAAla + L-serine + ATP  ->  seryl-[tRNAAla] + AMP + diphosphate"
"34","6.1.1.4",1,"leucine--tRNA ligase","LEUCINE--TRNA-LIGASE-RXN","tRNALeu + L-leucine + ATP  ->  L-leucyl-[tRNALeu] + AMP + diphosphate"
"35","6.1.1.4",1,"leucine--tRNA ligase","RXN-23951","tRNALeu + L-norvaline + ATP  ->  L-norvalyl-[tRNALeu] + AMP + diphosphate"
"36","6.1.1.5",1,"isoleucine--tRNA ligase","ISOLEUCINE--TRNA-LIGASE-RXN","tRNAIle + L-isoleucine + ATP  ->  L-isoleucyl-[tRNAIle] + AMP + diphosphate"
"37","6.1.1.5",1,"isoleucine--tRNA ligase","RXN-23944","tRNAIle + L-valine + ATP  ->  L-valyl-[tRNAIle] + AMP + diphosphate"
"38","6.1.1.17",1,"glutamate--tRNA ligase","GLURS-RXN","tRNAglu + L-glutamate + ATP  ->  L-glutamyl-[tRNAGlu] + AMP + diphosphate"
"39","6.1.1.16",1,"cysteine--tRNA ligase","CYSTEINE--TRNA-LIGASE-RXN","tRNACys + L-cysteine + ATP  ->  L-cysteinyl-[tRNACys] + AMP + diphosphate"
"40","6.1.1.16",1,"cysteine--tRNA ligase","RXN-23942","tRNAPro + L-cysteine + ATP  ->  L-cysteinyl-[tRNAPro] + AMP + diphosphate"
"41","4.2.3.4",1,"3-dehydroquinate synthase","3-DEHYDROQUINATE-SYNTHASE-RXN","3-deoxy-D-arabino-heptulosonate 7-phosphate  ->  3-dehydroquinate + phosphate"
"42","2.6.1.16",1,"glucosamine-fructose-6-phosphate aminotransferase","L-GLN-FRUCT-6-P-AMINOTRANS-RXN","L-glutamine + beta-D-fructofuranose 6-phosphate  <->  L-glutamate + D-glucosamine 6-phosphate"
"43","5.1.3.1",1,"pentose-5-phosphate 3-epimerase","RXN-22715","D-erythrose 4-phosphate  <->  D-threose 4-phosphate"
"44","5.1.3.1",1,"pentose-5-phosphate 3-epimerase","RIBULP3EPIM-RXN","D-ribulose 5-phosphate  <->  D-xylulose 5-phosphate"
"45","1.1.1.28",1,"D-lactate dehydrogenase","DLACTDEHYDROGNAD-RXN","(R)-lactate + NAD+  <->  pyruvate + NADH + H+"
"46","2.4.2.53",1,"undecaprenyl-phosphate 4-deoxy-4-formamido-L-arabinose transferase","RXN0-3521","UDP-4-deoxy-4-formamido-beta-L-arabinopyranose + di-trans,octa-cis-undecaprenyl phosphate  ->  4-deoxy-4-formamido-alpha-L-arabinopyranosyl ditrans,octacis-undecaprenyl phosphate + UDP"
"47","2.8.1.7",1,"cysteine desulfurase","RXN-21566","L-cysteine + a [bis(guanylyl molybdopterin) cofactor chaperone]-L-cysteine  ->  L-alanine + a [bis(guanylyl molybdopterin) cofactor chaperone]-S-sulfanyl-L-cysteine"
"48","2.8.1.7",1,"cysteine desulfurase","RXN-21560","L-cysteine + a [cytidylyl molybdenum cofactor chaperone]-cytidylyl molybdenum cofactor + a reduced two electron carrier  ->  L-alanine + a [cytidylyl molybdenum cofactor chaperone]-cytidylyl molybdenum cofactor (sulfo-dioxo) + an oxidized electron carrier + H2O"
"49","2.8.1.7",1,"cysteine desulfurase","RXN-22698","L-cysteine + a [molybdopterin synthase sulfurtransferase]-L-cysteine  ->  L-alanine + a [molybdopterin synthase sulfurtransferase]-S-sulfanyl-L-cysteine"
"50","2.8.1.7",1,"cysteine desulfurase","RXN0-7439","L-cysteine + a [SufE sulfur-carrier protein]-L-cysteine  ->  L-alanine + a [SufE sulfur-carrier protein]-S-sulfanyl-L-cysteine"
"51","2.8.1.7",1,"cysteine desulfurase","RXN-22700","L-cysteine + a [TusA]-L-cysteine  ->  L-alanine + a [TusA sulfur-carrier protein]-S-sulfanyl-L-cysteine"
"52","2.8.1.7",1,"cysteine desulfurase","RXN-20037","L-cysteine + carboxy-adenylated-[ThiS sulfur-carrier protein] + a reduced two electron carrier  ->  L-alanine + thiocarboxylated-[ThiS sulfur-carrier protein] + AMP + an oxidized electron carrier + 2 H+"
"53","2.8.1.7",1,"cysteine desulfurase","RXN-15881","L-cysteine + L-cysteine desulfurase  ->  L-alanine + S-sulfanyl-[L-cysteine desulfurase]"
"54","2.8.1.7",1,"cysteine desulfurase","RXN-12588","L-cysteine + unsulfurated [sulfur carrier]  ->  L-alanine + sulfurated [sulfur carrier]"
"55","2.8.1.7",1,"cysteine desulfurase","RXN-14385","L-cysteine + [cysteine desulfurase]-S-sulfanyl-[disordered-form scaffold protein] complex  ->  L-alanine + S-sulfanyl-[cysteine desulfurase]-S-sulfanyl-[disordered-form scaffold protein] complex"
"56","2.8.1.7",1,"cysteine desulfurase","RXN-9787","L-cysteine + [ThiI sulfur-carrier protein]-L-cysteine  ->  L-alanine + [ThiI sulfur-carrier protein]-S-sulfanyl-L-cysteine"
"57","2.7.1.107",1,"diacylglycerol kinase","DIACYLGLYKIN-RXN","ATP + a 1,2-diacyl-sn-glycerol  ->  a phosphatidate + ADP + H+"
"58","4.1.1.65",1,"phosphatidylserine decarboxylase","PHOSPHASERDECARB-RXN","a phosphatidylserine + H+  ->  a phosphatidylethanolamine + CO2"
"59","6.3.4.15",1,"biotin--[acetyl-CoA carboxylase] synthetase","BIOTINLIG-RXN","a [biotin carboxyl-carrier protein]-L-lysine + ATP + biotin  ->  AMP + a [biotin carboxyl-carrier protein]-N6-biotinyl-L-lysine + diphosphate + H+"
"60","2.5.1.55",1,"3-deoxy-D-manno-octulosonate 8-phosphate synthase","KDO-8PSYNTH-RXN","D-arabinofuranose 5-phosphate + phosphoenolpyruvate + H2O  ->  3-deoxy-D-manno-octulosonate 8-phosphate + phosphate"
"61","3.5.1.108",1,"UDP-3-O-acyl-N-acetylglucosamine deacetylase","RXN2B4Q-49","UDP-2-acetamido-2,3-dideoxy-3-{[(3R)-3-hydroxyhexadecanoyl]amino}-alpha-D-glucopyranose + H2O  ->  UDP-3-N-[(3R)-3-hydroxyhexanoyl]-alpha-3-amino-3-deoxy-D-glucosamine + acetate"
"62","3.5.1.108",1,"UDP-3-O-acyl-N-acetylglucosamine deacetylase","RXN-22481","UDP-3-O-[(3R)-3-hydroxyacyl]-N-acetyl-alpha-D-glucosamine + H2O  ->  UDP-3-O-[(3R)-3-hydroxyacyl]-alpha-D-glucosamine + acetate"
"63","3.5.1.108",1,"UDP-3-O-acyl-N-acetylglucosamine deacetylase","RXN-20788","UDP-3-O-[(3R)-3-hydroxydecanoyl]-N-acetyl-alpha-D-glucosamine + H2O  ->  UDP-3-O-[(3R)-3-hydroxydecanoyl]-alpha-D-glucosamine + acetate"
"64","3.5.1.108",1,"UDP-3-O-acyl-N-acetylglucosamine deacetylase","UDPACYLGLCNACDEACETYL-RXN","UDP-3-O-[(3R)-3-hydroxymyristoyl]-N-acetyl-alpha-D-glucosamine + H2O  ->  UDP-3-O-[(3R)-3-hydroxymyristoyl]-alpha-D-glucosamine + acetate"
"65","3.5.1.108",1,"UDP-3-O-acyl-N-acetylglucosamine deacetylase","RXN-22242","UDP-3-O-[(3R)-3-hydroxy-13-methyltetradecanoyl]-N-acetyl-alpha-D-glucosamine + H2O  ->  UDP-3-O-[(3R)-3-hydroxy-13-methyltetradecanoyl]-alpha-D-glucosamine + acetate"
"66","3.5.1.108",1,"UDP-3-O-acyl-N-acetylglucosamine deacetylase","RXN-23222","UDP-3-O-[(3R)-3-hydroxydodecanoyl]-N-acetyl-alpha-D-glucosamine + H2O  ->  UDP-3-O-[(3R)-3-hydroxydodecanoyl]-alpha-D-glucosamine + acetate"
"67","3.5.1.108",1,"UDP-3-O-acyl-N-acetylglucosamine deacetylase","RXN-22247","UDP-3-O-[(3R)-3-hydroxyhexanoyl]-N-acetyl-alpha-D-glucosamine + H2O  ->  UDP-3-O-[(3R)-3-hydroxy-hexadecanoyl]-alpha-D-glucosamine + acetate"
"68","2.4.1.182",1,"lipid A disaccharide synthase","RXN-22484","a lipid X + UDP-2-N,3-O-bis[(3R)-3-hydroxyacyl]-alpha-D-glucosamine  ->  a lipid A disaccharide + UDP + H+"
"69","2.4.1.182",1,"lipid A disaccharide synthase","RXN2B4Q-52","lipid X (Brucella) + UDP-2-N-[(3R)-3-hydroxydodecanoyl]-3-N-[(3R)-3-hydroxyhexanoyl]-alpha-3-amino-3-deoxy-D-glucosamine  ->  dephospho-lipid IVA (Brucella) + UDP + H+"
"70","2.4.1.182",1,"lipid A disaccharide synthase","LIPIDADISACCHARIDESYNTH-RXN","lipid X (E. coli) + UDP-2-N,3-O-bis[(3R)-3-hydroxytetradecanoyl]-alpha-D-glucosamine  ->  lipid A disaccharide (E. coli) + UDP + H+"
"71","2.4.1.182",1,"lipid A disaccharide synthase","RXN2DNV-2","lipid X (H. pylori) + UDP-2-N-[(3R)-3-hydroxyoctadecanoyl]-3-O-[(3R)-3-hydroxyhexadecanoyl]-alpha-D-glucosamine  ->  lipid A disaccharide (H. pylori) + UDP + H+"
"72","2.4.1.182",1,"lipid A disaccharide synthase","RXN-22237","lipid X (P. gingivalis) + UDP-2-N-[(3R)-3-hydroxy-15-methylhexadecanoyl]-3-O-[(3R)-3-hydroxy-13-methyltetradecanoyl]-alpha-D-glucosamine  ->  lipid A disaccharide (P. gingivalis) + UDP + H+"
"73","2.4.1.182",1,"lipid A disaccharide synthase","RXN-20785","lipid X (P. putida) + UDP-2-N-[(3R)-3-hydroxydodecanoyl]-3-O-[(3R)-3-hydroxydecanoyl]-alpha-D-glucosamine  ->  lipid A disaccharide (P. putida) + UDP + H+"
"74","2.4.1.182",1,"lipid A disaccharide synthase","RXN-23219","UDP-2-N-[(3R)-3-hydroxytetradecanoyl]-3-O-[(3R)-3-hydroxydodecanoyl]-alpha-D-glucosamine + lipid X (Vibrio cholerae serogroup O1 El Tor)  ->  lipid A disaccharide (Vibrio cholerae serogroup O1 El Tor) + UDP + H+"
"75","2.4.99.12",1,"3-deoxy-D-manno-octulosonic acid transferase","RXN-22486","CMP-3-deoxy-beta-D-manno-octulosonate + a lipid IVA  ->  an alpha-Kdo-(2->6)-[lipid IVA] + CMP + H+"
"76","2.4.99.12",1,"3-deoxy-D-manno-octulosonic acid transferase","RXN2B4Q-54","CMP-3-deoxy-beta-D-manno-octulosonate + lipid IVA (Brucella)  ->  alpha-Kdo-(2->6)-lipid IVA (Brucella) + CMP + H+"
"77","2.4.99.12",1,"3-deoxy-D-manno-octulosonic acid transferase","KDOTRANS-RXN","CMP-3-deoxy-beta-D-manno-octulosonate + lipid IVA (E. coli)  ->  alpha-Kdo-(2->6)-lipid IVA (E. coli) + CMP + H+"
"78","2.4.99.12",1,"3-deoxy-D-manno-octulosonic acid transferase","RXN2DNV-4","CMP-3-deoxy-beta-D-manno-octulosonate + lipid IVA (H. pylori)  ->  alpha-Kdo-(2->6)-lipid IVA (H. pylori) + CMP + H+"
"79","2.4.99.12",1,"3-deoxy-D-manno-octulosonic acid transferase","RXN-22248","CMP-3-deoxy-beta-D-manno-octulosonate + lipid IVA (P. gingivalis)  ->  alpha-Kdo-(2->6)-lipid IVA (P. gingivalis) + CMP + H+"
"80","2.4.99.12",1,"3-deoxy-D-manno-octulosonic acid transferase","RXN2G6Z-2","CMP-3-deoxy-beta-D-manno-octulosonate + lipid IVA (Vibrio cholerae serogroup O1 El Tor)  ->  alpha-Kdo-(2->6)-lipid IVA (Vibrio cholerae serogroup O1 El Tor) + CMP + H+"
"81","2.4.99.12",1,"3-deoxy-D-manno-octulosonic acid transferase","RXN-20790","CMP-3-deoxy-beta-D-manno-octulosonate + lipid IVA (P. putida)  ->  alpha-Kdo-(2->6)-lipid IVA (P. putida) + CMP + H+"
"82","2.3.1.241",1,"lauroyl acyltransferase","RXN2B4Q-66","27-hydroxyoctacosanoyl-[acp] + alpha-Kdo-(2->4)-alpha-Kdo-(2->6)-lipid IVA (Brucella)  ->  alpha-Kdo-(2->4)-alpha-Kdo-(2->6)-(27-hydroxyoctacosanoyl)-lipid IVA (Brucella) + acyl-carrier protein"
"83","2.3.1.241",1,"lauroyl acyltransferase","LAUROYLACYLTRAN-RXN","dodecanoyl-[acp] + alpha-Kdo-(2->4)-alpha-Kdo-(2->6)-lipid IVA (E. coli)  ->  alpha-Kdo-(2->4)-alpha-Kdo-(2->6)-(lauroyl)-lipid IVA (E. coli) + acyl-carrier protein"
"84","2.3.1.241",1,"lauroyl acyltransferase","RXN-20792","dodecanoyl-[acp] + alpha-Kdo-(2->4)-alpha-Kdo-(2->6)-lipid IVA (P. putida)  ->  alpha-Kdo-(2->4)-alpha-Kdo-(2->6)-(lauroyl)-lipid IVA (P. putida) + acyl-carrier protein"
"85","2.3.1.241",1,"lauroyl acyltransferase","RXN-22488","fatty acyl-[acyl-carrier protein] + an alpha-Kdo-(2->4)-alpha-Kdo-(2->6)-[lipid IVA]  ->  an alpha-Kdo-(2->4)-alpha-Kdo-(2->6)-(acyl)-[lipid IVA] + acyl-carrier protein"
"86","2.3.1.241",1,"lauroyl acyltransferase","RXN2G6Z-4","myristoyl-[acp] + 4-O-phospho-alpha-Kdo-(2->6)-lipid IVA (Vibrio cholerae serogroup O1 El Tor)  ->  C14:0--phospho-alpha-Kdo-(2->6)-lipid IVA (Vibrio cholerae serogroup O1 El Tor) + acyl-carrier protein"
"87","2.3.1.241",1,"lauroyl acyltransferase","RXN2B4Q-56","palmitoyl-[acp] + alpha-Kdo-(2->4)-alpha-Kdo-(2->6)-lipid IVA (Brucella)  ->  alpha-Kdo-(2->4)-alpha-Kdo-(2->6)-(palmitoyl)-lipid IVA (Brucella) + acyl-carrier protein"
"88","2.3.1.241",1,"lauroyl acyltransferase","RXN-22250","palmitoyl-[acp] + alpha-Kdo-(2->4)-alpha-Kdo-(2->6)-lipid IVA (P. gingivalis)  ->  P. gingivalis Kdo2-lipid A (penta-acylated, bis-phosphorylated) + acyl-carrier protein"
"89","2.3.1.241",1,"lauroyl acyltransferase","RXN2DNV-6","stearoyl-[acp] + alpha-Kdo-(2->4)-alpha-Kdo-(2->6)-lipid IVA (H. pylori)  ->  alpha-Kdo-(2->4)-alpha-Kdo-(2->6)-(octadecanoyl)-lipid IVA (H. pylori) + acyl-carrier protein"
"90","2.7.6.5",1,"GTP pyrophosphokinase","GDPPYPHOSKIN-RXN","ATP + GDP  ->  AMP + ppGpp + H+"
"91","2.7.6.5",1,"GTP pyrophosphokinase","GTPPYPHOSKIN-RXN","ATP + GTP  ->  pppGpp + AMP + H+"
"92","1.5.1.3",1,"dihydrofolate reductase","RXN-19329","5,6,7,8-tetrahydrofolate + NADP+  &larr;  7,8-dihydrofolate monoglutamate + NADPH + H+"
"93","1.5.1.3",1,"dihydrofolate reductase","RXN-22709","7,8-dihydrofolate monoglutamate + NADP+  &larr;  folate + NADPH + H+"
"94","1.5.1.3",1,"dihydrofolate reductase","RXN-18357","a 7,8-dihydrofolate + NADP+  &larr;  a folate + NADPH + H+"
"95","1.5.1.3",1,"dihydrofolate reductase","DIHYDROFOLATEREDUCT-RXN","a tetrahydrofolate + NADP+  &larr;  a 7,8-dihydrofolate + NADPH + H+"
"96","2.1.2.1",1,"5,10-methylenetetrahydrofolate:glycine hydroxymethyltransferase","THMPT-SER-RXN","glycine + 5,10-methylene-tetrahydromethanopterin + H2O  <->  L-serine + tetrahydromethanopterin"
"97","2.1.2.1",1,"5,10-methylenetetrahydrofolate:glycine hydroxymethyltransferase","GLYOHMETRANS-RXN","L-serine + a tetrahydrofolate  <->  glycine + a 5,10-methylenetetrahydrofolate + H2O"
"98","3.1.1.1",1,"methyl indole-3-acetate methylesterase","RXN-10767","(-)-methyl jasmonate + H2O  ->  (-)-jasmonate + methanol + H+"
"99","3.1.1.1",1,"methyl indole-3-acetate methylesterase","RXN-12252","(2-hydroxyphenyl)methyl 1-hydroxy-6-oxocyclohex-2-ene-1-carboxylate + H2O  ->  1-hydroxy-6-oxocyclohex-2-ene-1-carboxylate + salicyl alcohol + H+"
"100","3.1.1.1",1,"methyl indole-3-acetate methylesterase","3.1.1.64-RXN","all-trans-retinyl palmitate + H2O  ->  all-trans-retinol + palmitate + H+"
"101","3.1.1.1",1,"methyl indole-3-acetate methylesterase","RETINYL-PALMITATE-ESTERASE-RXN","all-trans-retinyl palmitate + H2O  ->  a retinol + palmitate + H+"
"102","3.1.1.1",1,"methyl indole-3-acetate methylesterase","CARBOXYLESTERASE-RXN","a carboxylic ester + H2O  ->  an alcohol + a carboxylate + H+"
"103","3.1.1.1",1,"methyl indole-3-acetate methylesterase","RXN18C3-61","acibenzolar-S-methyl + H2O  ->  acibenzolar + methanol"
"104","3.1.1.1",1,"methyl indole-3-acetate methylesterase","RXN-12575","an all-trans-retinyl ester + H2O  ->  all-trans-retinol + a fatty acid + H+"
"105","3.1.1.1",1,"methyl indole-3-acetate methylesterase","RXN-21569","L-phenylalanine methyl ester + H2O  ->  L-phenylalanine + methanol + H+"
"106","3.1.1.1",1,"methyl indole-3-acetate methylesterase","RXN-10711","methyl (indol-3-yl)acetate + H2O  ->  (indol-3-yl)acetate + methanol + H+"
"107","3.1.1.1",1,"methyl indole-3-acetate methylesterase","RXNQT-4366","methylsalicylate + H2O  ->  salicylate + methanol + H+"
"108","4.3.99.3",1,"7-carboxy-7-deazaguanine synthase","RXN0-6575","6-carboxy-5,6,7,8-tetrahydropterin + H+  ->  7-carboxy-7-deazaguanine + ammonium"
"109","4.4.1.5",1,"glyoxalase I","GLYOXI-RXN","(R)-S-lactoylglutathione  &larr;  methylglyoxal + glutathione"
"110","3.1.2.6",1,"hydroxyacylglutathione hydrolase","GLYOXII-RXN","(R)-S-lactoylglutathione + H2O  ->  (R)-lactate + glutathione + H+"
"111","3.1.2.6",1,"hydroxyacylglutathione hydrolase","RXN-7919","S-(2-hydroxyacyl)glutathione + H2O  ->  a 2-hydroxy carboxylate + glutathione + H+"
"112","3.1.2.6",1,"hydroxyacylglutathione hydrolase","GLYOXII-RXN","(R)-S-lactoylglutathione + H2O  ->  (R)-lactate + glutathione + H+"
"113","3.1.2.6",1,"hydroxyacylglutathione hydrolase","RXN-7919","S-(2-hydroxyacyl)glutathione + H2O  ->  a 2-hydroxy carboxylate + glutathione + H+"
"114","3.1.2.6",1,"hydroxyacylglutathione hydrolase","GLYOXII-RXN","(R)-S-lactoylglutathione + H2O  ->  (R)-lactate + glutathione + H+"
"115","3.1.2.6",1,"hydroxyacylglutathione hydrolase","RXN-7919","S-(2-hydroxyacyl)glutathione + H2O  ->  a 2-hydroxy carboxylate + glutathione + H+"
"116","1.3.1.87",2,"2,3-dihydroxy-2,3-dihydrophenylpropionate dehydrogenase","RXN-12071","(2E)-3-(5,6-dihydroxycyclohexa-1,3-dien-1-yl)prop-2-enoate + NAD+  ->  2,3-dihydroxy-trans-cinnamate + NADH + H+"
"117","1.3.1.87",2,"2,3-dihydroxy-2,3-dihydrophenylpropionate dehydrogenase","PHENPRODIOLDEHYDROG-RXN","3-(5,6-dihydroxycyclohexa-1,3-dien-1-yl)propanoate + NAD+  ->  3-(2,3-dihydroxyphenyl)propanoate + NADH + H+"
"118","3.7.1.14",1,"2-hydroxy-6-ketonona-2,4-dienedioate hydrolase","MHPCHYDROL-RXN","(2Z,4E)-2-hydroxy-6-oxonona-2,4-diene-1,9-dioate + H2O  ->  (2Z)-2-hydroxypenta-2,4-dienoate + succinate + H+"
"119","3.7.1.14",1,"2-hydroxy-6-ketonona-2,4-dienedioate hydrolase","RXN-12070","(2Z,4E,7E)-2-hydroxy-6-oxonona-2,4,7-triene-1,9-dioate + H2O  ->  (2Z)-2-hydroxypenta-2,4-dienoate + fumarate + H+"
"120","1.8.1.4",1,"lipoate acetyltransferase N6-(dihydrolipoyl)lysine:NAD+ oxidoreductase","RXN-7716","a [2-oxoglutarate dehydrogenase E2 protein] N6-dihydrolipoyl-L-lysine + NAD+  ->  a [2-oxoglutarate dehydrogenase E2 protein] N6-lipoyl-L-lysine + NADH + H+"
"121","1.8.1.4",1,"lipoate acetyltransferase N6-(dihydrolipoyl)lysine:NAD+ oxidoreductase","RXN-8629","a [glycine-cleavage complex H protein] N6-dihydrolipoyl-L-lysine + NAD+  <->  a [glycine-cleavage complex H protein] N6-[(R)-lipoyl]-L-lysine + NADH + H+"
"122","1.8.1.4",1,"lipoate acetyltransferase N6-(dihydrolipoyl)lysine:NAD+ oxidoreductase","1.8.1.4-RXN","a [lipoyl-carrier protein]-N6-[(R)-dihydrolipoyl]-L-lysine + NAD+  ->  a [lipoyl-carrier protein]-N6-[(R)-lipoyl]-L-lysine + NADH + H+"
"123","1.8.1.4",1,"lipoate acetyltransferase N6-(dihydrolipoyl)lysine:NAD+ oxidoreductase","RXN0-1132","a [pyruvate dehydrogenase E2 protein] N6-dihydrolipoyl-L-lysine + NAD+  ->  a [pyruvate dehydrogenase E2 protein] N6-lipoyl-L-lysine + NADH + H+"
"124","1.8.1.4",1,"lipoate acetyltransferase N6-(dihydrolipoyl)lysine:NAD+ oxidoreductase","RXN-7719","an [apo BCAA dehydrogenase E2 protein] N6-dihydrolipoyl-L-lysine + NAD+  <->  a [BCAA dehydrogenase E2 protein] N6-lipoyl-L-lysine + NADH + H+"
"125","2.3.1.8",1,"phosphate acetyltransferase","PHOSACETYLTRANS-RXN","acetyl-CoA + phosphate  <->  acetyl phosphate + coenzyme A"
"126","3.4.16.4",1,"peptidoglycan D,D transpeptidase","3.4.16.4-RXN","a lipid II[periplasm] + H2O[periplasm]  ->  an Und-PP-[beta-D-GlcNAc-(1->4)]-N-acetylmuramyl-(tetrapeptide)[periplasm] + D-alanine[periplasm]"
"127","3.4.16.4",1,"peptidoglycan D,D transpeptidase","RXN-11351","a nascent peptidoglycan (E. faeciums) + a peptidoglycan internal segment (E. faecium, tetrapeptide) + H+  ->  a peptidoglycan with D,D cross-links (Enterococcus faecium) + D-alanine"
"128","3.4.16.4",1,"peptidoglycan D,D transpeptidase","RXN-16649","a nascent peptidoglycan with (L-alanyl-&gamma;-D-glutamyl-meso-2,6-diaminopimeloyl-D-alanyl-D-alanine) pentapeptide[periplasm] + H2O[periplasm]  ->  a nascent peptidoglycan with (L-alanyl-&gamma;-D-glutamyl-meso-2,6-diaminopimeloyl-D-alanine) tetrapeptide[periplasm] + D-alanine[periplasm]"
"129","3.4.16.4",1,"peptidoglycan D,D transpeptidase","RXN-16659","a peptidoglycan internal segment with (L-alanyl-&gamma;-D-glutamyl-meso-2,6-diaminopimeloyl-D-alanine) tetrapeptide + a nascent peptidoglycan with (L-alanyl-&gamma;-D-glutamyl-meso-2,6-diaminopimeloyl-D-alanyl-D-alanine) pentapeptide  ->  a nascent peptidoglycan with D,D cross-links (meso-diaminopimelate containing) + D-alanine"
"130","3.4.16.4",1,"peptidoglycan D,D transpeptidase","RXN-19253","L-alanyl-&gamma;-D-glutamyl-L-lysyl-D-alanyl-D-alanine[periplasm] + H2O[periplasm]  <->  L-alanyl-&gamma;-D-glutamyl-L-lysyl-D-alanine[periplasm] + D-alanine[periplasm]"
"131","3.4.16.4",1,"peptidoglycan D,D transpeptidase","RXN-19249","Nalpha,N&epsilon;-diacetyl-lysyl-D-alanyl-D-alanine[periplasm] + H2O[periplasm]  <->  Nalpha,N&epsilon;-diacetyl-lysyl-D-alanine[periplasm] + D-alanine[periplasm]"
"132","3.4.16.4",1,"peptidoglycan D,D transpeptidase","RXN-19256","N-acetyl-muramoyl-(L-alanyl-&gamma;-D-glutamyl-L-lysyl-D-alanyl-D-alanine) + H2O  <->  N-acetyl-muramoyl-(L-alanyl-&gamma;-D-glutamyl-L-lysyl-D-alanine) + D-alanine"
"133","3.4.16.4",1,"peptidoglycan D,D transpeptidase","3.4.17.8-RXN","UDP-MurNAc-L-Ala-&gamma;-D-Glu-meso-DAP-D-Ala-D-Ala[periplasm] + H2O[periplasm]  ->  UDP-MurNAc-L-Ala-&gamma;-D-Glu-meso-DAP-D-Ala[periplasm] + D-alanine[periplasm]"
"134","3.4.16.4",1,"peptidoglycan D,D transpeptidase","RXN-22589","Und-PP-[beta-D-GlcNAc-(1->4)]-MurNAc-L-Ala-&gamma;-D-iGln-(6-N-beta-D-Asn)-L-Lys-D-Ala-D-Ala[out] + H2O[out]  ->  Und-PP-[beta-D-GlcNAc-(1->4)]-MurNAc-L-Ala-&gamma;-D-iGln-(6-N-beta-D-Asn)-L-Lys-D-Ala[out] + D-alanine[out]"
"135","3.4.16.4",1,"peptidoglycan D,D transpeptidase","RXN-22582","Und-PP-[beta-D-GlcNAc-(1->4)]-MurNAc-L-Ala-&gamma;-D-iGln-L-Lys-D-Ala-D-Ala + H2O  ->  Und-PP-beta-D-GlcNAc-(1->4)-MurNAc-L-Ala-&gamma;-D-iGln-L-Lys-D-Ala + D-alanine"
"136","3.4.16.4",1,"peptidoglycan D,D transpeptidase","RXN-11065","undecaprenyl-diphospho-{[N-acetyl-beta-glucosaminyl-(1->4)]-N-acetylmuramoyl-L-alanyl-D-glutamyl-L-lysyl-(Gly5)-D-alanyl-D-alanine}(n+1) + a peptidoglycan internal segment (S. aureus)  ->  a peptidoglycan with D,D cross-link (S. aureus) + D-alanine"
"137","1.3.5.1",1,"succinate-ubiquinone reductase","R601-RXN","fumarate[in] + a menaquinol[membrane]  <->  succinate[in] + a menaquinone[membrane]"
"138","1.3.5.1",1,"succinate-ubiquinone reductase","RXN-24067","succinate + a plastoquinone[inner membrane]  ->  fumarate + a plastoquinol[inner membrane]"
"139","1.3.5.1",1,"succinate-ubiquinone reductase","RXN1YI0-14","succinate + a plastoquinone[thylakoid membrane]  ->  fumarate + a plastoquinol[thylakoid membrane]"
"140","1.3.5.1",1,"succinate-ubiquinone reductase","SUCCINATE-DEHYDROGENASE-UBIQUINONE6-RXN","succinate + ubiquinone-6[inner membrane]  ->  fumarate + ubiquinol-6[inner membrane]"
"141","1.3.5.1",1,"succinate-ubiquinone reductase","SUCCINATE-DEHYDROGENASE-UBIQUINONE-RXN","succinate[in] + a ubiquinone[membrane]  ->  fumarate[in] + a ubiquinol[membrane]"
"142","1.3.5.1",1,"succinate-ubiquinone reductase","RXN-14971","succinate[in] + an electron-transfer quinone[membrane]  <->  fumarate[in] + an electron-transfer quinol[membrane]"
"143","1.3.5.1",1,"succinate-ubiquinone reductase","RXN-15378","succinate[in] + caldariellaquinone[membrane]  ->  fumarate[in] + caldariellaquinol[membrane]"
"144","1.3.5.1",1,"succinate-ubiquinone reductase","RXN-21393","succinate[in] + menaquinone-9[membrane]  ->  fumarate[in] + menaquinol-9[membrane]"
"145","1.3.5.1",1,"succinate-ubiquinone reductase","RXN-14963","succinate[mitochondrial lumen] + a rhodoquinone[mitochondrial inner membrane]  &larr;  fumarate[mitochondrial lumen] + a rhodoquinol[mitochondrial inner membrane]"
"146","1.3.5.1",1,"succinate-ubiquinone reductase","R601-RXN","fumarate[in] + a menaquinol[membrane]  <->  succinate[in] + a menaquinone[membrane]"
"147","1.3.5.1",1,"succinate-ubiquinone reductase","RXN-24067","succinate + a plastoquinone[inner membrane]  ->  fumarate + a plastoquinol[inner membrane]"
"148","1.3.5.1",1,"succinate-ubiquinone reductase","RXN1YI0-14","succinate + a plastoquinone[thylakoid membrane]  ->  fumarate + a plastoquinol[thylakoid membrane]"
"149","1.3.5.1",1,"succinate-ubiquinone reductase","SUCCINATE-DEHYDROGENASE-UBIQUINONE6-RXN","succinate + ubiquinone-6[inner membrane]  ->  fumarate + ubiquinol-6[inner membrane]"
"150","1.3.5.1",1,"succinate-ubiquinone reductase","SUCCINATE-DEHYDROGENASE-UBIQUINONE-RXN","succinate[in] + a ubiquinone[membrane]  ->  fumarate[in] + a ubiquinol[membrane]"
"151","1.3.5.1",1,"succinate-ubiquinone reductase","RXN-14971","succinate[in] + an electron-transfer quinone[membrane]  <->  fumarate[in] + an electron-transfer quinol[membrane]"
"152","1.3.5.1",1,"succinate-ubiquinone reductase","RXN-15378","succinate[in] + caldariellaquinone[membrane]  ->  fumarate[in] + caldariellaquinol[membrane]"
"153","1.3.5.1",1,"succinate-ubiquinone reductase","RXN-21393","succinate[in] + menaquinone-9[membrane]  ->  fumarate[in] + menaquinol-9[membrane]"
"154","1.3.5.1",1,"succinate-ubiquinone reductase","RXN-14963","succinate[mitochondrial lumen] + a rhodoquinone[mitochondrial inner membrane]  &larr;  fumarate[mitochondrial lumen] + a rhodoquinol[mitochondrial inner membrane]"
"155","1.1.1.37",1,"malate dehydrogenase","MALATE-DEH-RXN","(S)-malate + NAD+  <->  oxaloacetate + NADH + H+"
"156","1.12.1.3",4,"hydrogenase","1.12.1.3-RXN","NADP+ + H2  <->  NADPH + H+"
"157","1.1.1.37",1,"malate dehydrogenase","MALATE-DEH-RXN","(S)-malate + NAD+  <->  oxaloacetate + NADH + H+"
"158","2.7.9.1",1,"pyruvate orthophosphate dikinase","PYRUVATEORTHOPHOSPHATE-DIKINASE-RXN","pyruvate + ATP + phosphate  <->  phosphoenolpyruvate + AMP + diphosphate + H+"
"159","7.1.2.2",1,"ATP synthase","ATPSYN-RXN","ATP + H2O + 3 H+[in]  <->  ADP + phosphate + 4 H+[out]"
"160","1.3.5.1",1,"succinate-ubiquinone reductase","R601-RXN","fumarate[in] + a menaquinol[membrane]  <->  succinate[in] + a menaquinone[membrane]"
"161","1.3.5.1",1,"succinate-ubiquinone reductase","RXN-24067","succinate + a plastoquinone[inner membrane]  ->  fumarate + a plastoquinol[inner membrane]"
"162","1.3.5.1",1,"succinate-ubiquinone reductase","RXN1YI0-14","succinate + a plastoquinone[thylakoid membrane]  ->  fumarate + a plastoquinol[thylakoid membrane]"
"163","1.3.5.1",1,"succinate-ubiquinone reductase","SUCCINATE-DEHYDROGENASE-UBIQUINONE6-RXN","succinate + ubiquinone-6[inner membrane]  ->  fumarate + ubiquinol-6[inner membrane]"
"164","1.3.5.1",1,"succinate-ubiquinone reductase","SUCCINATE-DEHYDROGENASE-UBIQUINONE-RXN","succinate[in] + a ubiquinone[membrane]  ->  fumarate[in] + a ubiquinol[membrane]"
"165","1.3.5.1",1,"succinate-ubiquinone reductase","RXN-14971","succinate[in] + an electron-transfer quinone[membrane]  <->  fumarate[in] + an electron-transfer quinol[membrane]"
"166","1.3.5.1",1,"succinate-ubiquinone reductase","RXN-15378","succinate[in] + caldariellaquinone[membrane]  ->  fumarate[in] + caldariellaquinol[membrane]"
"167","1.3.5.1",1,"succinate-ubiquinone reductase","RXN-21393","succinate[in] + menaquinone-9[membrane]  ->  fumarate[in] + menaquinol-9[membrane]"
"168","1.3.5.1",1,"succinate-ubiquinone reductase","RXN-14963","succinate[mitochondrial lumen] + a rhodoquinone[mitochondrial inner membrane]  &larr;  fumarate[mitochondrial lumen] + a rhodoquinol[mitochondrial inner membrane]"
"169","1.1.1.37",1,"malate dehydrogenase","MALATE-DEH-RXN","(S)-malate + NAD+  <->  oxaloacetate + NADH + H+"
"170","4.1.1.49",1,"phosphoenolpyruvate carboxykinase (ATP)","PEPCARBOXYKIN-RXN","oxaloacetate + ATP  <->  CO2 + phosphoenolpyruvate + ADP"
"171","2.4.1.1",1,"maltodextrin phosphorylase","RXN0-5184","(1,4-alpha-D-glucosyl)(n) + phosphate  ->  (1,4-alpha-D-glucosyl)(n-1) + alpha-D-glucopyranose 1-phosphate"
"172","2.4.1.1",1,"maltodextrin phosphorylase","RXN-21092","a debranched alpha-limit dextrin + n phosphate  ->  maltotriose + n alpha-D-glucopyranose 1-phosphate"
"173","2.4.1.1",1,"maltodextrin phosphorylase","RXN-9025","a debranched alpha-limit dextrin + n phosphate  ->  n alpha-D-glucopyranose 1-phosphate"
"174","2.4.1.1",1,"maltodextrin phosphorylase","GLYCOPHOSPHORYL-RXN","a glycogen + n phosphate  ->  an alpha-limit dextrin + n alpha-D-glucopyranose 1-phosphate"
"175","2.4.1.1",1,"maltodextrin phosphorylase","GLYMALTOPHOSPHORYL-RXN","a glycogen + phosphate  ->  maltotetraose + alpha-D-glucopyranose 1-phosphate"
"176","2.4.1.1",1,"maltodextrin phosphorylase","RXN-12392","a linear malto-oligosaccharide [(glucose)n] + phosphate  ->  a linear malto-oligosaccharide [(glucose)n-1] + alpha-D-glucopyranose 1-phosphate"
"177","2.4.1.1",1,"maltodextrin phosphorylase","RXN-12171","a maltodextrin(n) + phosphate  ->  a maltodextrin(n-1) + alpha-D-glucopyranose 1-phosphate"
"178","2.4.1.1",1,"maltodextrin phosphorylase","RXN-14286","maltoheptaose + phosphate  ->  maltohexaose + alpha-D-glucopyranose 1-phosphate"
"179","2.4.1.1",1,"maltodextrin phosphorylase","RXN-14285","maltohexaose + phosphate  ->  maltopentaose + alpha-D-glucopyranose 1-phosphate"
"180","2.4.1.1",1,"maltodextrin phosphorylase","RXN-14284","maltopentaose + phosphate  ->  maltotetraose + alpha-D-glucopyranose 1-phosphate"
"181","2.4.1.1",1,"maltodextrin phosphorylase","RXN0-5182","maltotetraose + phosphate  ->  maltotriose + alpha-D-glucopyranose 1-phosphate"
"182","2.4.1.1",1,"maltodextrin phosphorylase","RXN-14353","SHG-glucosyln+1 + phosphate  ->  SHG-glucosyln + alpha-D-glucopyranose 1-phosphate"
"183","2.4.1.1",1,"maltodextrin phosphorylase","RXN-1826","[(1->4)-alpha-D-glucosyl]n + phosphate  ->  [(1->4)-alpha-D-glucosyl](n-1) + alpha-D-glucopyranose 1-phosphate"
"184","3.2.1.23",1,"XLXG xyloglucan oligosaccharide beta-galactosidase","RXN-19765","4-nitrophenyl-beta-D-galactoside + H2O  ->  4-nitrophenol + D-galactopyranose + H+"
"185","3.2.1.23",1,"XLXG xyloglucan oligosaccharide beta-galactosidase","3.2.1.23-RXN","a beta-D-galactoside + H2O  ->  a non galactosylated galactose acceptor + D-galactopyranose"
"186","3.2.1.23",1,"XLXG xyloglucan oligosaccharide beta-galactosidase","RXN-12400","XLLG xyloglucan oligosaccharide + 2 H2O  ->  XXXG xyloglucan oligosaccharide + 2 D-galactopyranose"
"187","3.2.1.23",1,"XLXG xyloglucan oligosaccharide beta-galactosidase","RXN-12399","XLXG xyloglucan oligosaccharide + H2O  ->  XXXG xyloglucan oligosaccharide + D-galactopyranose"
"188","3.2.1.23",1,"XLXG xyloglucan oligosaccharide beta-galactosidase","RXN-12398","XXLG xyloglucan oligosaccharide + H2O  ->  XXXG xyloglucan oligosaccharide + D-galactopyranose"
"189","2.1.1.228",1,"tRNA (guanine37-N1)-methyltransferase","RXN-12458","a guanine37 in tRNA + S-adenosyl-L-methionine  ->  an N1-methylguanine37 in tRNA + S-adenosyl-L-homocysteine + H+"
"190","2.1.1.228",1,"tRNA (guanine37-N1)-methyltransferase","RXN-14517","guanine37 in tRNAPhe + S-adenosyl-L-methionine  ->  an N1-methylguanine37 in tRNAPhe + S-adenosyl-L-homocysteine + H+"
"191","2.1.1.228",1,"tRNA (guanine37-N1)-methyltransferase","RXN-12458","a guanine37 in tRNA + S-adenosyl-L-methionine  ->  an N1-methylguanine37 in tRNA + S-adenosyl-L-homocysteine + H+"
"192","2.1.1.228",1,"tRNA (guanine37-N1)-methyltransferase","RXN-14517","guanine37 in tRNAPhe + S-adenosyl-L-methionine  ->  an N1-methylguanine37 in tRNAPhe + S-adenosyl-L-homocysteine + H+"
"193","3.1.13.1",1,"RNase BN ribonuclease","RXN-24140","monocistronic tRNA precursor + H2O  ->  tRNA precursor with a 5' extension and a short 3' extension + tRNA fragment"
"194","3.1.13.1",1,"RNase BN ribonuclease","RXN0-6525","mutated tRNA + n H2O  ->  n a nucleoside 5'-monophosphate"
"195","3.1.13.1",1,"RNase BN ribonuclease","3.1.13.1-RXN","RNase II degradation substrate mRNA + n H2O  ->  n a nucleoside 5'-monophosphate"
"196","3.1.13.1",1,"RNase BN ribonuclease","RXN0-6524","RNase II poly-A substrate mRNA + n H2O  ->  RNase II substrate with no poly-A tail + n AMP"
"197","3.1.13.1",1,"RNase BN ribonuclease","RXN0-4222","tRNA precursor with a 5' extension and a long 3' trailer + H2O  ->  tRNA precursor with a 5' extension + a ribonucleoside 5'-monophosphate"
"198","3.1.13.1",1,"RNase BN ribonuclease","RXN0-6479","tRNA precursor with a 5' extension and a long 3' trailer + n H2O  ->  tRNA precursor with a 5' extension and a short 3' extension + n a nucleoside 5'-monophosphate"
"199","3.1.13.1",1,"RNase BN ribonuclease","RXN-24139","tRNA precursor with a 5' extension and a short 3' extension + H2O  ->  tRNA precursor with a 5' extension and a short 3' extension + tRNA fragment"
"200","2.8.1.13",1,"tRNA-specific 2-thiouridylase","RXN-18693","a thiocarboxylated [SAMP] C-terminal glycine + a uridine34 in tRNA + ATP + H2O  ->  a [SAMP] C-terminal glycine + a 2-thiouridine34 in tRNA + AMP + diphosphate + 2 H+"
"201","2.8.1.13",1,"tRNA-specific 2-thiouridylase","RXN-16820","a uridine34 in tRNA + a [protein]-S-sulfanyl-L-cysteine + ATP + a reduced two electron carrier  ->  a 2-thiouridine34 in tRNA + a [protein]-L-cysteine + AMP + an oxidized electron carrier + diphosphate + H+"
"202","2.8.1.13",1,"tRNA-specific 2-thiouridylase","RXN0-2023","a uridine34 in tRNA + a [tRNA-uridine 2-sulfurtransferase]-S-sulfanyl-L-cysteine + ATP + a reduced two electron carrier  ->  a 2-thiouridine34 in tRNA + a [tRNA-uridine 2-sulfurtransferase]-L-cysteine + AMP + an oxidized electron carrier + diphosphate + H+"
"203","2.3.1.269",1,"apolipoprotein N-acyltransferase","RXN-19774","an (S-diacyl-sn-glyceryl)-L-cysteinyl-[apolipoprotein][periplasm] + a phosphatidylethanolamine[periplasm]  ->  an N-acyl-(S-diacyl-sn-glyceryl)-L-cysteinyl-[lipoprotein][periplasm] + a 1-lysophosphatidylethanolamine[periplasm] + H+[periplasm]"
"204","2.3.1.269",1,"apolipoprotein N-acyltransferase","RXN-17363","an (S-diacyl-sn-glyceryl)-L-cysteinyl-[apolipoprotein][periplasm] + a phosphoglyceride[periplasm]  ->  an N-acyl-(S-diacyl-sn-glyceryl)-L-cysteinyl-[lipoprotein][periplasm] + a 1-lysophospholipid[periplasm] + H+[periplasm]"
"205","6.3.1.2",1,"glutamine synthetase","GLUTAMINESYN-RXN","ammonium + L-glutamate + ATP  ->  L-glutamine + ADP + phosphate + H+"
"206","3.1.1.1",1,"methyl indole-3-acetate methylesterase","RXN-10767","(-)-methyl jasmonate + H2O  ->  (-)-jasmonate + methanol + H+"
"207","3.1.1.1",1,"methyl indole-3-acetate methylesterase","RXN-12252","(2-hydroxyphenyl)methyl 1-hydroxy-6-oxocyclohex-2-ene-1-carboxylate + H2O  ->  1-hydroxy-6-oxocyclohex-2-ene-1-carboxylate + salicyl alcohol + H+"
"208","3.1.1.1",1,"methyl indole-3-acetate methylesterase","3.1.1.64-RXN","all-trans-retinyl palmitate + H2O  ->  all-trans-retinol + palmitate + H+"
"209","3.1.1.1",1,"methyl indole-3-acetate methylesterase","RETINYL-PALMITATE-ESTERASE-RXN","all-trans-retinyl palmitate + H2O  ->  a retinol + palmitate + H+"
"210","3.1.1.1",1,"methyl indole-3-acetate methylesterase","CARBOXYLESTERASE-RXN","a carboxylic ester + H2O  ->  an alcohol + a carboxylate + H+"
"211","3.1.1.1",1,"methyl indole-3-acetate methylesterase","RXN18C3-61","acibenzolar-S-methyl + H2O  ->  acibenzolar + methanol"
"212","3.1.1.1",1,"methyl indole-3-acetate methylesterase","RXN-12575","an all-trans-retinyl ester + H2O  ->  all-trans-retinol + a fatty acid + H+"
"213","3.1.1.1",1,"methyl indole-3-acetate methylesterase","RXN-21569","L-phenylalanine methyl ester + H2O  ->  L-phenylalanine + methanol + H+"
"214","3.1.1.1",1,"methyl indole-3-acetate methylesterase","RXN-10711","methyl (indol-3-yl)acetate + H2O  ->  (indol-3-yl)acetate + methanol + H+"
"215","3.1.1.1",1,"methyl indole-3-acetate methylesterase","RXNQT-4366","methylsalicylate + H2O  ->  salicylate + methanol + H+"
"216","6.4.1.3",1,"cerotoyl-CoA carboxylase","RXN1G-4355","ATP + cerotoyl-CoA + hydrogen carbonate  ->  2-carboxycerotoyl-CoA + ADP + phosphate + H+"
"217","6.4.1.3",1,"cerotoyl-CoA carboxylase","PROPIONYL-COA-CARBOXY-RXN","ATP + propanoyl-CoA + hydrogen carbonate  <->  (S)-methylmalonyl-CoA + ADP + phosphate + H+"
"218","5.4.99.2",2,"methylmalonyl-CoA mutase","METHYLMALONYL-COA-MUT-RXN","(R)-methylmalonyl-CoA  <->  succinyl-CoA"
"219","6.3.1.2",1,"glutamine synthetase","GLUTAMINESYN-RXN","ammonium + L-glutamate + ATP  ->  L-glutamine + ADP + phosphate + H+"
"220","2.4.2.19",1,"quinolinate phosphoribosyltransferase (decarboxylating)","QUINOPRIBOTRANS-RXN","beta-nicotinate D-ribonucleotide + CO2 + diphosphate  &larr;  5-phospho-alpha-D-ribose 1-diphosphate + quinolinate + 2 H+"
"221","2.7.7.18",1,"nicotinate-mononucleotide adenylyltransferase","NICONUCADENYLYLTRAN-RXN","beta-nicotinate D-ribonucleotide + ATP + H+  ->  nicotinate adenine dinucleotide + diphosphate"
"222","6.3.5.1",1,"NAD+ synthetase, glutamine dependent","NAD-SYNTH-GLN-RXN","ATP + nicotinate adenine dinucleotide + L-glutamine + H2O  ->  L-glutamate + AMP + NAD+ + diphosphate + H+"
"223","1.2.1.11",1,"aspartate-semialdehyde dehydrogenase","ASPARTATE-SEMIALDEHYDE-DEHYDROGENASE-RXN","L-aspartate 4-semialdehyde + NADP+ + phosphate  <->  L-aspartyl-4-phosphate + NADPH + H+"
"224","1.17.1.8",1,"4-hydroxy-tetrahydrodipicolinate reductase","RXN-14014","(S)-2,3,4,5-tetrahydrodipicolinate + NAD(P)+ + H2O  &larr;  (2S,4S)-4-hydroxy-2,3,4,5-tetrahydrodipicolinate + NAD(P)H + H+"
"225","2.3.1.117",1,"tetrahydrodipicolinate succinylase","TETHYDPICSUCC-RXN","(S)-2,3,4,5-tetrahydrodipicolinate + succinyl-CoA + H2O  ->  N-succinyl-2-amino-6-ketopimelate + coenzyme A"
"226","3.5.1.18",1,"succinyl-diaminopimelate desuccinylase","SUCCDIAMINOPIMDESUCC-RXN","N-succinyl-L,L-2,6-diaminopimelate + H2O  ->  L,L-diaminopimelate + succinate"
"227","5.1.1.7",1,"diaminopimelate epimerase","DIAMINOPIMEPIM-RXN","L,L-diaminopimelate  <->  meso-diaminopimelate"
"228","2.1.1.13",1,"cobalamin-dependent methionine synthase","HOMOCYSMETB12-RXN","L-homocysteine + a 5-methyltetrahydrofolate  ->  L-methionine + a tetrahydrofolate"
"229","3.5.3.6",1,"arginine deiminase","ARGININE-DEIMINASE-RXN","L-arginine + H2O  ->  L-citrulline + ammonium"
"230","6.3.2.4",1,"D-alanine--D-alanine ligase","DALADALALIG-RXN","2 D-alanine + ATP  ->  D-alanyl-D-alanine + ADP + phosphate + H+"
"231","6.3.2.4",1,"D-alanine--D-alanine ligase","RXN-23257","ATP + D-alanine + D-methionine  ->  D-alanyl-D-methionine + ADP + phosphate + H+"
"232","1.3.1.98",1,"UDP-N-acetylenolpyruvoylglucosamine reductase","UDPNACETYLMURAMATEDEHYDROG-RXN","UDP-N-acetyl-alpha-D-muramate + NADP+  &larr;  UDP-N-acetyl-alpha-D-glucosamine-enolpyruvate + NADPH + H+"
"233","6.3.2.8",1,"UDP-N-acetylmuramate--L-alanine ligase","UDP-NACMUR-ALA-LIG-RXN","L-alanine + UDP-N-acetyl-alpha-D-muramate + ATP  ->  UDP-N-acetyl-alpha-D-muramoyl-L-alanine + ADP + phosphate + H+"
"234","6.3.2.13",1,"UDP-N-acetylmuramoyl-L-alanyl-D-glutamate--2,6-diaminopimelate ligase","UDP-NACMURALGLDAPLIG-RXN","UDP-N-acetyl-alpha-D-muramoyl-L-alanyl-D-glutamate + meso-diaminopimelate + ATP  ->  UDP-MurNAc-L-Ala-&gamma;-D-Glu-meso-DAP + ADP + phosphate + H+"
"235","6.3.2.10",1,"D-alanyl-D-alanine-adding enzyme","6.3.2.10-RXN","UDP-N-acetyl-alpha-D-muramoyl-L-alanyl-&gamma;-D-glutamyl-L-lysine + D-alanyl-D-alanine + ATP  ->  UDP-N-acetyl-alpha-D-muramoyl-L-alanyl-&gamma;-D-glutamyl-L-lysyl-D-alanyl-D-alanine + ADP + phosphate + H+"
"236","6.3.2.10",1,"D-alanyl-D-alanine-adding enzyme","UDP-NACMURALGLDAPAALIG-RXN","UDP-MurNAc-L-Ala-&gamma;-D-Glu-meso-DAP + D-alanyl-D-alanine + ATP  ->  UDP-MurNAc-L-Ala-&gamma;-D-Glu-meso-DAP-D-Ala-D-Ala + ADP + phosphate + H+"
"237","6.3.2.10",1,"D-alanyl-D-alanine-adding enzyme","RXN-22608","UDP-MurNAc-L-Ala-&gamma;-D-Glu-meso-DAP + D-alanyl-D-lactate + ATP  ->  UDP-N-acetyl-alpha-D-muramoyl-L-alanyl-&gamma;-D-glutamyl-meso-2,6-diaminopimeloyl-D-alanyl-D-lactate + ADP + phosphate + H+"
"238","2.7.8.13",1,"phospho-N-acetylmuramoyl-pentapeptide-transferase","RXN-9671","a UDP-N-acetylmuramoyl-pentapeptide + di-trans,octa-cis-undecaprenyl phosphate  ->  a lipid I + UMP"
"239","2.7.8.13",1,"phospho-N-acetylmuramoyl-pentapeptide-transferase","RXN-22610","UDP-N-acetyl-alpha-D-muramoyl-L-alanyl-&gamma;-D-glutamyl-meso-2,6-diaminopimeloyl-D-alanyl-D-lactate + di-trans,octa-cis-undecaprenyl phosphate  ->  Und-PP-MurNAc-L-Ala-&gamma;-D-Glu-meso-DAP-D-Ala-D-Lac + UMP"
"240","2.7.8.13",1,"phospho-N-acetylmuramoyl-pentapeptide-transferase","RXN-11347","UDP-N-acetyl-alpha-D-muramoyl-L-alanyl-&gamma;-D-glutamyl-L-lysyl-D-alanine + di-trans,octa-cis-undecaprenyl phosphate  ->  Und-PP-MurNAc-L-Ala-&gamma;-D-Glu-L-Lys-D-Ala + UMP"
"241","2.7.8.13",1,"phospho-N-acetylmuramoyl-pentapeptide-transferase","RXN-8975","UDP-N-acetyl-alpha-D-muramoyl-L-alanyl-&gamma;-D-glutamyl-L-lysyl-D-alanyl-D-alanine + di-trans,octa-cis-undecaprenyl phosphate  ->  Und-PP-MurNAc-L-Ala-&gamma;-D-Glu-L-Lys-D-Ala-D-Ala + UMP"
"242","2.7.8.13",1,"phospho-N-acetylmuramoyl-pentapeptide-transferase","PHOSNACMURPENTATRANS-RXN","UDP-MurNAc-L-Ala-&gamma;-D-Glu-meso-DAP-D-Ala-D-Ala + di-trans,octa-cis-undecaprenyl phosphate  ->  Und-PP-MurNAc-L-Ala-&gamma;-D-Glu-meso-DAP-D-Ala-D-Ala + UMP"
"243","2.7.8.13",1,"phospho-N-acetylmuramoyl-pentapeptide-transferase","RXN-11028","UDP-MurNAc-L-Ala-&gamma;-D-Glu-meso-DAP-D-Ala-D-Ala + trans,octacis-decaprenyl phosphate  ->  Dec-PP-MurNAc-L-Ala-&gamma;-D-Glu-meso-DAP-D-Ala-D-Ala + UMP"
"244","2.4.1.227",1,"N-acetylglucosaminyl transferase","RXN-11029","Dec-PP-MurNAc-L-Ala-&gamma;-D-Glu-meso-DAP-D-Ala-D-Ala + UDP-N-acetyl-alpha-D-glucosamine  ->  Dec-PP-[beta-D-GlcNAc-(1->4)]-MurNAc-L-Ala-&gamma;-D-Glu-meso-DAP-D-Ala-D-Ala + UDP + H+"
"245","2.4.1.227",1,"N-acetylglucosaminyl transferase","RXN-22615","UDP-N-acetyl-alpha-D-glucosamine + a lipid I  ->  a lipid II + UDP + H+"
"246","2.4.1.227",1,"N-acetylglucosaminyl transferase","NACGLCTRANS-RXN","Und-PP-MurNAc-L-Ala-&gamma;-D-Glu-meso-DAP-D-Ala-D-Ala + UDP-N-acetyl-alpha-D-glucosamine  <->  Und-PP-[beta-D-GlcNAc-(1->4)]-MurNAc-L-Ala-&gamma;-D-Glu-meso-DAP-D-Ala-D-Ala + UDP + H+"
"247","2.4.1.227",1,"N-acetylglucosaminyl transferase","RXN-22611","Und-PP-MurNAc-L-Ala-&gamma;-D-Glu-meso-DAP-D-Ala-D-Lac + UDP-N-acetyl-alpha-D-glucosamine  ->  Und-PP-[beta-D-GlcNAc-(1->4)]-MurNAc-L-Ala-&gamma;-D-Glu-meso-DAP-D-Ala-D-Lac + UDP + H+"
"248","2.4.1.227",1,"N-acetylglucosaminyl transferase","RXN-11346","Und-PP-MurNAc-L-Ala-&gamma;-D-Glu-L-Lys-D-Ala + UDP-N-acetyl-alpha-D-glucosamine  ->  Und-PP-beta-D-GlcNAc-(1->4)-MurNAc-L-Ala-&gamma;-D-Glu-L-Lys-D-Ala + UDP + H+"
"249","2.4.1.227",1,"N-acetylglucosaminyl transferase","RXN-8976","Und-PP-MurNAc-L-Ala-&gamma;-D-Glu-L-Lys-D-Ala-D-Ala + UDP-N-acetyl-alpha-D-glucosamine  ->  Und-PP-[beta-D-GlcNAc-(1->4)]-MurNAc-L-Ala-&gamma;-D-Glu-L-Lys-D-Ala-D-Ala + UDP + H+"
"250","2.5.1.7",1,"UDP-N-acetylglucosamine 1-carboxyvinyltransferase","UDPNACETYLGLUCOSAMENOLPYRTRANS-RXN","UDP-N-acetyl-alpha-D-glucosamine + phosphoenolpyruvate  ->  UDP-N-acetyl-alpha-D-glucosamine-enolpyruvate + phosphate"
"251","6.3.2.4",1,"D-alanine--D-alanine ligase","DALADALALIG-RXN","2 D-alanine + ATP  ->  D-alanyl-D-alanine + ADP + phosphate + H+"
"252","6.3.2.4",1,"D-alanine--D-alanine ligase","RXN-23257","ATP + D-alanine + D-methionine  ->  D-alanyl-D-methionine + ADP + phosphate + H+"
"253","1.3.1.98",1,"UDP-N-acetylenolpyruvoylglucosamine reductase","UDPNACETYLMURAMATEDEHYDROG-RXN","UDP-N-acetyl-alpha-D-muramate + NADP+  &larr;  UDP-N-acetyl-alpha-D-glucosamine-enolpyruvate + NADPH + H+"
"254","6.3.2.8",1,"UDP-N-acetylmuramate--L-alanine ligase","UDP-NACMUR-ALA-LIG-RXN","L-alanine + UDP-N-acetyl-alpha-D-muramate + ATP  ->  UDP-N-acetyl-alpha-D-muramoyl-L-alanine + ADP + phosphate + H+"
"255","6.3.2.10",1,"D-alanyl-D-alanine-adding enzyme","6.3.2.10-RXN","UDP-N-acetyl-alpha-D-muramoyl-L-alanyl-&gamma;-D-glutamyl-L-lysine + D-alanyl-D-alanine + ATP  ->  UDP-N-acetyl-alpha-D-muramoyl-L-alanyl-&gamma;-D-glutamyl-L-lysyl-D-alanyl-D-alanine + ADP + phosphate + H+"
"256","6.3.2.10",1,"D-alanyl-D-alanine-adding enzyme","UDP-NACMURALGLDAPAALIG-RXN","UDP-MurNAc-L-Ala-&gamma;-D-Glu-meso-DAP + D-alanyl-D-alanine + ATP  ->  UDP-MurNAc-L-Ala-&gamma;-D-Glu-meso-DAP-D-Ala-D-Ala + ADP + phosphate + H+"
"257","6.3.2.10",1,"D-alanyl-D-alanine-adding enzyme","RXN-22608","UDP-MurNAc-L-Ala-&gamma;-D-Glu-meso-DAP + D-alanyl-D-lactate + ATP  ->  UDP-N-acetyl-alpha-D-muramoyl-L-alanyl-&gamma;-D-glutamyl-meso-2,6-diaminopimeloyl-D-alanyl-D-lactate + ADP + phosphate + H+"
"258","2.7.8.13",1,"phospho-N-acetylmuramoyl-pentapeptide-transferase","RXN-9671","a UDP-N-acetylmuramoyl-pentapeptide + di-trans,octa-cis-undecaprenyl phosphate  ->  a lipid I + UMP"
"259","2.7.8.13",1,"phospho-N-acetylmuramoyl-pentapeptide-transferase","RXN-22610","UDP-N-acetyl-alpha-D-muramoyl-L-alanyl-&gamma;-D-glutamyl-meso-2,6-diaminopimeloyl-D-alanyl-D-lactate + di-trans,octa-cis-undecaprenyl phosphate  ->  Und-PP-MurNAc-L-Ala-&gamma;-D-Glu-meso-DAP-D-Ala-D-Lac + UMP"
"260","2.7.8.13",1,"phospho-N-acetylmuramoyl-pentapeptide-transferase","RXN-11347","UDP-N-acetyl-alpha-D-muramoyl-L-alanyl-&gamma;-D-glutamyl-L-lysyl-D-alanine + di-trans,octa-cis-undecaprenyl phosphate  ->  Und-PP-MurNAc-L-Ala-&gamma;-D-Glu-L-Lys-D-Ala + UMP"
"261","2.7.8.13",1,"phospho-N-acetylmuramoyl-pentapeptide-transferase","RXN-8975","UDP-N-acetyl-alpha-D-muramoyl-L-alanyl-&gamma;-D-glutamyl-L-lysyl-D-alanyl-D-alanine + di-trans,octa-cis-undecaprenyl phosphate  ->  Und-PP-MurNAc-L-Ala-&gamma;-D-Glu-L-Lys-D-Ala-D-Ala + UMP"
"262","2.7.8.13",1,"phospho-N-acetylmuramoyl-pentapeptide-transferase","PHOSNACMURPENTATRANS-RXN","UDP-MurNAc-L-Ala-&gamma;-D-Glu-meso-DAP-D-Ala-D-Ala + di-trans,octa-cis-undecaprenyl phosphate  ->  Und-PP-MurNAc-L-Ala-&gamma;-D-Glu-meso-DAP-D-Ala-D-Ala + UMP"
"263","2.7.8.13",1,"phospho-N-acetylmuramoyl-pentapeptide-transferase","RXN-11028","UDP-MurNAc-L-Ala-&gamma;-D-Glu-meso-DAP-D-Ala-D-Ala + trans,octacis-decaprenyl phosphate  ->  Dec-PP-MurNAc-L-Ala-&gamma;-D-Glu-meso-DAP-D-Ala-D-Ala + UMP"
"264","2.4.1.227",1,"N-acetylglucosaminyl transferase","RXN-11029","Dec-PP-MurNAc-L-Ala-&gamma;-D-Glu-meso-DAP-D-Ala-D-Ala + UDP-N-acetyl-alpha-D-glucosamine  ->  Dec-PP-[beta-D-GlcNAc-(1->4)]-MurNAc-L-Ala-&gamma;-D-Glu-meso-DAP-D-Ala-D-Ala + UDP + H+"
"265","2.4.1.227",1,"N-acetylglucosaminyl transferase","RXN-22615","UDP-N-acetyl-alpha-D-glucosamine + a lipid I  ->  a lipid II + UDP + H+"
"266","2.4.1.227",1,"N-acetylglucosaminyl transferase","NACGLCTRANS-RXN","Und-PP-MurNAc-L-Ala-&gamma;-D-Glu-meso-DAP-D-Ala-D-Ala + UDP-N-acetyl-alpha-D-glucosamine  <->  Und-PP-[beta-D-GlcNAc-(1->4)]-MurNAc-L-Ala-&gamma;-D-Glu-meso-DAP-D-Ala-D-Ala + UDP + H+"
"267","2.4.1.227",1,"N-acetylglucosaminyl transferase","RXN-22611","Und-PP-MurNAc-L-Ala-&gamma;-D-Glu-meso-DAP-D-Ala-D-Lac + UDP-N-acetyl-alpha-D-glucosamine  ->  Und-PP-[beta-D-GlcNAc-(1->4)]-MurNAc-L-Ala-&gamma;-D-Glu-meso-DAP-D-Ala-D-Lac + UDP + H+"
"268","2.4.1.227",1,"N-acetylglucosaminyl transferase","RXN-11346","Und-PP-MurNAc-L-Ala-&gamma;-D-Glu-L-Lys-D-Ala + UDP-N-acetyl-alpha-D-glucosamine  ->  Und-PP-beta-D-GlcNAc-(1->4)-MurNAc-L-Ala-&gamma;-D-Glu-L-Lys-D-Ala + UDP + H+"
"269","2.4.1.227",1,"N-acetylglucosaminyl transferase","RXN-8976","Und-PP-MurNAc-L-Ala-&gamma;-D-Glu-L-Lys-D-Ala-D-Ala + UDP-N-acetyl-alpha-D-glucosamine  ->  Und-PP-[beta-D-GlcNAc-(1->4)]-MurNAc-L-Ala-&gamma;-D-Glu-L-Lys-D-Ala-D-Ala + UDP + H+"
"270","3.4.16.4",1,"peptidoglycan D,D transpeptidase","3.4.16.4-RXN","a lipid II[periplasm] + H2O[periplasm]  ->  an Und-PP-[beta-D-GlcNAc-(1->4)]-N-acetylmuramyl-(tetrapeptide)[periplasm] + D-alanine[periplasm]"
"271","3.4.16.4",1,"peptidoglycan D,D transpeptidase","RXN-11351","a nascent peptidoglycan (E. faeciums) + a peptidoglycan internal segment (E. faecium, tetrapeptide) + H+  ->  a peptidoglycan with D,D cross-links (Enterococcus faecium) + D-alanine"
"272","3.4.16.4",1,"peptidoglycan D,D transpeptidase","RXN-16649","a nascent peptidoglycan with (L-alanyl-&gamma;-D-glutamyl-meso-2,6-diaminopimeloyl-D-alanyl-D-alanine) pentapeptide[periplasm] + H2O[periplasm]  ->  a nascent peptidoglycan with (L-alanyl-&gamma;-D-glutamyl-meso-2,6-diaminopimeloyl-D-alanine) tetrapeptide[periplasm] + D-alanine[periplasm]"
"273","3.4.16.4",1,"peptidoglycan D,D transpeptidase","RXN-16659","a peptidoglycan internal segment with (L-alanyl-&gamma;-D-glutamyl-meso-2,6-diaminopimeloyl-D-alanine) tetrapeptide + a nascent peptidoglycan with (L-alanyl-&gamma;-D-glutamyl-meso-2,6-diaminopimeloyl-D-alanyl-D-alanine) pentapeptide  ->  a nascent peptidoglycan with D,D cross-links (meso-diaminopimelate containing) + D-alanine"
"274","3.4.16.4",1,"peptidoglycan D,D transpeptidase","RXN-19253","L-alanyl-&gamma;-D-glutamyl-L-lysyl-D-alanyl-D-alanine[periplasm] + H2O[periplasm]  <->  L-alanyl-&gamma;-D-glutamyl-L-lysyl-D-alanine[periplasm] + D-alanine[periplasm]"
"275","3.4.16.4",1,"peptidoglycan D,D transpeptidase","RXN-19249","Nalpha,N&epsilon;-diacetyl-lysyl-D-alanyl-D-alanine[periplasm] + H2O[periplasm]  <->  Nalpha,N&epsilon;-diacetyl-lysyl-D-alanine[periplasm] + D-alanine[periplasm]"
"276","3.4.16.4",1,"peptidoglycan D,D transpeptidase","RXN-19256","N-acetyl-muramoyl-(L-alanyl-&gamma;-D-glutamyl-L-lysyl-D-alanyl-D-alanine) + H2O  <->  N-acetyl-muramoyl-(L-alanyl-&gamma;-D-glutamyl-L-lysyl-D-alanine) + D-alanine"
"277","3.4.16.4",1,"peptidoglycan D,D transpeptidase","3.4.17.8-RXN","UDP-MurNAc-L-Ala-&gamma;-D-Glu-meso-DAP-D-Ala-D-Ala[periplasm] + H2O[periplasm]  ->  UDP-MurNAc-L-Ala-&gamma;-D-Glu-meso-DAP-D-Ala[periplasm] + D-alanine[periplasm]"
"278","3.4.16.4",1,"peptidoglycan D,D transpeptidase","RXN-22589","Und-PP-[beta-D-GlcNAc-(1->4)]-MurNAc-L-Ala-&gamma;-D-iGln-(6-N-beta-D-Asn)-L-Lys-D-Ala-D-Ala[out] + H2O[out]  ->  Und-PP-[beta-D-GlcNAc-(1->4)]-MurNAc-L-Ala-&gamma;-D-iGln-(6-N-beta-D-Asn)-L-Lys-D-Ala[out] + D-alanine[out]"
"279","3.4.16.4",1,"peptidoglycan D,D transpeptidase","RXN-22582","Und-PP-[beta-D-GlcNAc-(1->4)]-MurNAc-L-Ala-&gamma;-D-iGln-L-Lys-D-Ala-D-Ala + H2O  ->  Und-PP-beta-D-GlcNAc-(1->4)-MurNAc-L-Ala-&gamma;-D-iGln-L-Lys-D-Ala + D-alanine"
"280","3.4.16.4",1,"peptidoglycan D,D transpeptidase","RXN-11065","undecaprenyl-diphospho-{[N-acetyl-beta-glucosaminyl-(1->4)]-N-acetylmuramoyl-L-alanyl-D-glutamyl-L-lysyl-(Gly5)-D-alanyl-D-alanine}(n+1) + a peptidoglycan internal segment (S. aureus)  ->  a peptidoglycan with D,D cross-link (S. aureus) + D-alanine"
"281","6.3.2.4",1,"D-alanine--D-alanine ligase","DALADALALIG-RXN","2 D-alanine + ATP  ->  D-alanyl-D-alanine + ADP + phosphate + H+"
"282","6.3.2.4",1,"D-alanine--D-alanine ligase","RXN-23257","ATP + D-alanine + D-methionine  ->  D-alanyl-D-methionine + ADP + phosphate + H+"
"283","1.3.1.98",1,"UDP-N-acetylenolpyruvoylglucosamine reductase","UDPNACETYLMURAMATEDEHYDROG-RXN","UDP-N-acetyl-alpha-D-muramate + NADP+  &larr;  UDP-N-acetyl-alpha-D-glucosamine-enolpyruvate + NADPH + H+"
"284","6.3.2.8",1,"UDP-N-acetylmuramate--L-alanine ligase","UDP-NACMUR-ALA-LIG-RXN","L-alanine + UDP-N-acetyl-alpha-D-muramate + ATP  ->  UDP-N-acetyl-alpha-D-muramoyl-L-alanine + ADP + phosphate + H+"
"285","6.3.2.13",1,"UDP-N-acetylmuramoyl-L-alanyl-D-glutamate--2,6-diaminopimelate ligase","UDP-NACMURALGLDAPLIG-RXN","UDP-N-acetyl-alpha-D-muramoyl-L-alanyl-D-glutamate + meso-diaminopimelate + ATP  ->  UDP-MurNAc-L-Ala-&gamma;-D-Glu-meso-DAP + ADP + phosphate + H+"
"286","6.3.2.10",1,"D-alanyl-D-alanine-adding enzyme","6.3.2.10-RXN","UDP-N-acetyl-alpha-D-muramoyl-L-alanyl-&gamma;-D-glutamyl-L-lysine + D-alanyl-D-alanine + ATP  ->  UDP-N-acetyl-alpha-D-muramoyl-L-alanyl-&gamma;-D-glutamyl-L-lysyl-D-alanyl-D-alanine + ADP + phosphate + H+"
"287","6.3.2.10",1,"D-alanyl-D-alanine-adding enzyme","UDP-NACMURALGLDAPAALIG-RXN","UDP-MurNAc-L-Ala-&gamma;-D-Glu-meso-DAP + D-alanyl-D-alanine + ATP  ->  UDP-MurNAc-L-Ala-&gamma;-D-Glu-meso-DAP-D-Ala-D-Ala + ADP + phosphate + H+"
"288","6.3.2.10",1,"D-alanyl-D-alanine-adding enzyme","RXN-22608","UDP-MurNAc-L-Ala-&gamma;-D-Glu-meso-DAP + D-alanyl-D-lactate + ATP  ->  UDP-N-acetyl-alpha-D-muramoyl-L-alanyl-&gamma;-D-glutamyl-meso-2,6-diaminopimeloyl-D-alanyl-D-lactate + ADP + phosphate + H+"
"289","2.4.1.227",1,"N-acetylglucosaminyl transferase","RXN-11029","Dec-PP-MurNAc-L-Ala-&gamma;-D-Glu-meso-DAP-D-Ala-D-Ala + UDP-N-acetyl-alpha-D-glucosamine  ->  Dec-PP-[beta-D-GlcNAc-(1->4)]-MurNAc-L-Ala-&gamma;-D-Glu-meso-DAP-D-Ala-D-Ala + UDP + H+"
"290","2.4.1.227",1,"N-acetylglucosaminyl transferase","RXN-22615","UDP-N-acetyl-alpha-D-glucosamine + a lipid I  ->  a lipid II + UDP + H+"
"291","2.4.1.227",1,"N-acetylglucosaminyl transferase","NACGLCTRANS-RXN","Und-PP-MurNAc-L-Ala-&gamma;-D-Glu-meso-DAP-D-Ala-D-Ala + UDP-N-acetyl-alpha-D-glucosamine  <->  Und-PP-[beta-D-GlcNAc-(1->4)]-MurNAc-L-Ala-&gamma;-D-Glu-meso-DAP-D-Ala-D-Ala + UDP + H+"
"292","2.4.1.227",1,"N-acetylglucosaminyl transferase","RXN-22611","Und-PP-MurNAc-L-Ala-&gamma;-D-Glu-meso-DAP-D-Ala-D-Lac + UDP-N-acetyl-alpha-D-glucosamine  ->  Und-PP-[beta-D-GlcNAc-(1->4)]-MurNAc-L-Ala-&gamma;-D-Glu-meso-DAP-D-Ala-D-Lac + UDP + H+"
"293","2.4.1.227",1,"N-acetylglucosaminyl transferase","RXN-11346","Und-PP-MurNAc-L-Ala-&gamma;-D-Glu-L-Lys-D-Ala + UDP-N-acetyl-alpha-D-glucosamine  ->  Und-PP-beta-D-GlcNAc-(1->4)-MurNAc-L-Ala-&gamma;-D-Glu-L-Lys-D-Ala + UDP + H+"
"294","2.4.1.227",1,"N-acetylglucosaminyl transferase","RXN-8976","Und-PP-MurNAc-L-Ala-&gamma;-D-Glu-L-Lys-D-Ala-D-Ala + UDP-N-acetyl-alpha-D-glucosamine  ->  Und-PP-[beta-D-GlcNAc-(1->4)]-MurNAc-L-Ala-&gamma;-D-Glu-L-Lys-D-Ala-D-Ala + UDP + H+"
"295","3.1.3.5",2,"AMP 5'-nucleotidase","RXN-5841","beta-nicotinamide D-ribonucleotide + H2O  ->  1-(beta-D ribofuranosyl)nicotinamide + phosphate"
"296","3.1.3.5",2,"AMP 5'-nucleotidase","RXN-14227","beta-nicotinate D-ribonucleotide + H2O  ->  beta-D-ribosylnicotinate + phosphate"
"297","3.1.3.5",2,"AMP 5'-nucleotidase","5-NUCLEOTID-RXN","a ribonucleoside 5'-monophosphate + H2O  ->  a ribonucleoside + phosphate"
"298","3.1.3.5",2,"AMP 5'-nucleotidase","AMP-DEPHOSPHORYLATION-RXN","AMP + H2O  ->  adenosine + phosphate"
"299","3.1.3.5",2,"AMP 5'-nucleotidase","RXN-14026","CMP + H2O  ->  cytidine + phosphate"
"300","3.1.3.5",2,"AMP 5'-nucleotidase","RXN-7609","GMP + H2O  ->  guanosine + phosphate"
"301","3.1.3.5",2,"AMP 5'-nucleotidase","RXN-7607","IMP + H2O  ->  inosine + phosphate"
"302","3.1.3.5",2,"AMP 5'-nucleotidase","RXN-14025","UMP + H2O  ->  uridine + phosphate"
"303","3.1.3.5",2,"AMP 5'-nucleotidase","XMPXAN-RXN","XMP + H2O  ->  xanthosine + phosphate"
"304","1.1.1.205",1,"IMP dehydrogenase","IMP-DEHYDROG-RXN","IMP + NAD+ + H2O  <->  XMP + NADH + H+"
"305","1.2.7.1",1,"pyruvate synthase","PYRUFLAVREDUCT-RXN","pyruvate + coenzyme A + 2 oxidized ferredoxin [iron-sulfur] cluster  <->  acetyl-CoA + CO2 + 2 reduced ferredoxin [iron-sulfur] cluster + H+"
"306","1.2.7.1",1,"pyruvate synthase","PYFLAVOXRE-RXN","pyruvate + coenzyme A + oxidized flavodoxin + H+  <->  acetyl-CoA + CO2 + reduced flavodoxin"
"307","2.3.1.8",1,"phosphate acetyltransferase","PHOSACETYLTRANS-RXN","acetyl-CoA + phosphate  <->  acetyl phosphate + coenzyme A"
"308","2.3.1.8",1,"phosphate acetyltransferase","PHOSACETYLTRANS-RXN","acetyl-CoA + phosphate  <->  acetyl phosphate + coenzyme A"
"309","1.2.7.1",1,"pyruvate synthase","PYRUFLAVREDUCT-RXN","pyruvate + coenzyme A + 2 oxidized ferredoxin [iron-sulfur] cluster  <->  acetyl-CoA + CO2 + 2 reduced ferredoxin [iron-sulfur] cluster + H+"
"310","1.2.7.1",1,"pyruvate synthase","PYFLAVOXRE-RXN","pyruvate + coenzyme A + oxidized flavodoxin + H+  <->  acetyl-CoA + CO2 + reduced flavodoxin"
"311","2.3.1.8",1,"phosphate acetyltransferase","PHOSACETYLTRANS-RXN","acetyl-CoA + phosphate  <->  acetyl phosphate + coenzyme A"
"312","6.3.1.2",1,"glutamine synthetase","GLUTAMINESYN-RXN","ammonium + L-glutamate + ATP  ->  L-glutamine + ADP + phosphate + H+"
"313","4.2.3.4",1,"3-dehydroquinate synthase","3-DEHYDROQUINATE-SYNTHASE-RXN","3-deoxy-D-arabino-heptulosonate 7-phosphate  ->  3-dehydroquinate + phosphate"
"314","2.7.1.71",1,"shikimate kinase","SHIKIMATE-KINASE-RXN","shikimate + ATP  ->  shikimate 3-phosphate + ADP + H+"
"315","2.5.1.19",2,"3-phosphoshikimate 1-carboxyvinyltransferase","2.5.1.19-RXN","shikimate 3-phosphate + phosphoenolpyruvate  <->  5-enolpyruvoyl-shikimate 3-phosphate + phosphate"
"316","3.1.2.28",1,"1,4-dihydroxy-2-naphthoyl-CoA hydrolase","RXN-9311","1,4-dihydroxy-2-naphthoyl-CoA + H2O  ->  1,4-dihydroxy-2-naphthoate + coenzyme A + H+"
"317","2.5.1.74",1,"1,4-dihydroxy-2-naphthoate octaprenyltransferase","RXN-9204","all-trans-nonaprenyl diphosphate + 1,4-dihydroxy-2-naphthoate + H+  ->  CO2 + demethylmenaquinol-9 + diphosphate"
"318","2.5.1.74",1,"1,4-dihydroxy-2-naphthoate octaprenyltransferase","RXN-9358","all-trans-decaprenyl diphosphate + 1,4-dihydroxy-2-naphthoate + H+  ->  CO2 + demethylmenaquinol-10 + diphosphate"
"319","2.5.1.74",1,"1,4-dihydroxy-2-naphthoate octaprenyltransferase","RXN-9360","all-trans-dodecaprenyl diphosphate + 1,4-dihydroxy-2-naphthoate + H+  ->  CO2 + demethylmenaquinol-12 + diphosphate"
"320","2.5.1.74",1,"1,4-dihydroxy-2-naphthoate octaprenyltransferase","RXN-9190","all-trans-heptaprenyl diphosphate + 1,4-dihydroxy-2-naphthoate + H+  ->  CO2 + demethylmenaquinol-7 + diphosphate"
"321","2.5.1.74",1,"1,4-dihydroxy-2-naphthoate octaprenyltransferase","RXN-9217","all-trans-hexaprenyl diphosphate + 1,4-dihydroxy-2-naphthoate + H+  ->  CO2 + demethylmenaquinol-6 + diphosphate"
"322","2.5.1.74",1,"1,4-dihydroxy-2-naphthoate octaprenyltransferase","DMK-RXN","all-trans-octaprenyl diphosphate + 1,4-dihydroxy-2-naphthoate + H+  ->  CO2 + demethylmenaquinol-8 + diphosphate"
"323","2.5.1.74",1,"1,4-dihydroxy-2-naphthoate octaprenyltransferase","RXN-9365","all-trans-tridecaprenyl diphosphate + 1,4-dihydroxy-2-naphthoate + H+  ->  CO2 + demethylmenaquinol-13 + diphosphate"
"324","2.5.1.74",1,"1,4-dihydroxy-2-naphthoate octaprenyltransferase","RXN-9359","all-trans-undecaprenyl diphosphate + 1,4-dihydroxy-2-naphthoate + H+  ->  CO2 + demethylmenaquinol-11 + diphosphate"
"325","2.5.1.74",1,"1,4-dihydroxy-2-naphthoate octaprenyltransferase","RXN-11047","an all-trans-polyisoprenyl diphosphate + 1,4-dihydroxy-2-naphthoate + H+  ->  CO2 + a 2-demethylmenaquinol + diphosphate"
"326","2.5.1.74",1,"1,4-dihydroxy-2-naphthoate octaprenyltransferase","RXN-19668","geranylgeranyl diphosphate + 1,4-dihydroxy-2-naphthoate + H+  ->  CO2 + demethylmenaquinol-4 + diphosphate"
"327","2.1.1.163",1,"demethylmenaquinone methyltransferase","RXN-14177","6-methoxy-2-all-trans-octaprenyl-1,4-benzoquinone + S-adenosyl-L-methionine  ->  3-methyl-6-methoxy-2-octaprenyl-1,4-benzoquinone + S-adenosyl-L-homocysteine + H+"
"328","2.1.1.163",1,"demethylmenaquinone methyltransferase","RXN-11046","S-adenosyl-L-methionine + a 2-demethylmenaquinol  ->  S-adenosyl-L-homocysteine + a menaquinol + H+"
"329","2.1.1.163",1,"demethylmenaquinone methyltransferase","RXN-9361","S-adenosyl-L-methionine + demethylmenaquinol-10  ->  S-adenosyl-L-homocysteine + menaquinol-10 + H+"
"330","2.1.1.163",1,"demethylmenaquinone methyltransferase","RXN-9362","S-adenosyl-L-methionine + demethylmenaquinol-11  ->  S-adenosyl-L-homocysteine + menaquinol-11 + H+"
"331","2.1.1.163",1,"demethylmenaquinone methyltransferase","RXN-9363","S-adenosyl-L-methionine + demethylmenaquinol-12  ->  S-adenosyl-L-homocysteine + menaquinol-12 + H+"
"332","2.1.1.163",1,"demethylmenaquinone methyltransferase","RXN-9366","S-adenosyl-L-methionine + demethylmenaquinol-13  ->  S-adenosyl-L-homocysteine + menaquinol-13 + H+"
"333","2.1.1.163",1,"demethylmenaquinone methyltransferase","RXN-19667","S-adenosyl-L-methionine + demethylmenaquinol-4  ->  S-adenosyl-L-homocysteine + menaquinol-4 + H+"
"334","2.1.1.163",1,"demethylmenaquinone methyltransferase","RXN-9220","S-adenosyl-L-methionine + demethylmenaquinol-6  ->  S-adenosyl-L-homocysteine + menaquinol-6 + H+"
"335","2.1.1.163",1,"demethylmenaquinone methyltransferase","RXN-9191","S-adenosyl-L-methionine + demethylmenaquinol-7  ->  S-adenosyl-L-homocysteine + menaquinol-7 + H+"
"336","2.1.1.163",1,"demethylmenaquinone methyltransferase","ADOMET-DMK-METHYLTRANSFER-RXN","S-adenosyl-L-methionine + demethylmenaquinol-8  ->  S-adenosyl-L-homocysteine + menaquinol-8 + H+"
"337","2.1.1.163",1,"demethylmenaquinone methyltransferase","RXN-9205","S-adenosyl-L-methionine + demethylmenaquinol-9  ->  S-adenosyl-L-homocysteine + menaquinol-9 + H+"
"338","2.5.1.15",1,"dihydropteroate synthase","H2PTEROATESYNTH-RXN","(7,8-dihydropterin-6-yl)methyl diphosphate + 4-aminobenzoate  ->  7,8-dihydropteroate + diphosphate"
"339","1.5.1.3",1,"dihydrofolate reductase","RXN-19329","5,6,7,8-tetrahydrofolate + NADP+  &larr;  7,8-dihydrofolate monoglutamate + NADPH + H+"
"340","1.5.1.3",1,"dihydrofolate reductase","RXN-22709","7,8-dihydrofolate monoglutamate + NADP+  &larr;  folate + NADPH + H+"
"341","1.5.1.3",1,"dihydrofolate reductase","RXN-18357","a 7,8-dihydrofolate + NADP+  &larr;  a folate + NADPH + H+"
"342","1.5.1.3",1,"dihydrofolate reductase","DIHYDROFOLATEREDUCT-RXN","a tetrahydrofolate + NADP+  &larr;  a 7,8-dihydrofolate + NADPH + H+"
"343","4.1.1.98",1,"3-octaprenyl-4-hydroxybenzoate decarboxylase","RXN-9231","4-hydroxy-3-decaprenylbenzoate + H+  ->  2-decaprenylphenol + CO2"
"344","4.1.1.98",1,"3-octaprenyl-4-hydroxybenzoate decarboxylase","RXN-9223","4-hydroxy-3-heptaprenylbenzoate + H+  ->  2-heptaprenylphenol + CO2"
"345","4.1.1.98",1,"3-octaprenyl-4-hydroxybenzoate decarboxylase","RXN-9238","4-hydroxy-3-nonaprenylbenzoate + H+  ->  2-nonaprenylphenol + CO2"
"346","4.1.1.98",1,"3-octaprenyl-4-hydroxybenzoate decarboxylase","3-OCTAPRENYL-4-OHBENZOATE-DECARBOX-RXN","4-hydroxy-3-octaprenylbenzoate + H+  ->  2-octaprenylphenol + CO2"
"347","4.1.1.98",1,"3-octaprenyl-4-hydroxybenzoate decarboxylase","RXN-15309","a 4-hydroxy-3-polyprenylbenzoate + H+  ->  a 2-(all-trans-polyprenyl)phenol + CO2"
"348","2.3.1.8",1,"phosphate acetyltransferase","PHOSACETYLTRANS-RXN","acetyl-CoA + phosphate  <->  acetyl phosphate + coenzyme A"
"349","2.7.2.7",1,"butyrate kinase","BUTYRATE-KINASE-RXN","butanoate + ATP  <->  butanoyl phosphate + ADP"
"350","2.7.2.7",1,"butyrate kinase","RXN-21792","pentanoate + ATP  <->  ADP + pentanoyl phosphate"
"351","2.7.1.33",1,"pantothenate kinase","PANTOTHENATE-KIN-RXN","(R)-pantothenate + ATP  ->  (R)-4'-phosphopantothenate + ADP + H+"
"352","2.7.7.3",1,"pantetheine-phosphate adenylyltransferase","PANTEPADENYLYLTRAN-RXN","ATP + 4'-phosphopantetheine + H+  ->  3'-dephospho-CoA + diphosphate"
"353","2.7.1.24",1,"dephospho-CoA kinase","DEPHOSPHOCOAKIN-RXN","3'-dephospho-CoA + ATP  ->  coenzyme A + ADP + H+"
"354","4.2.1.46",1,"dTDP-glucose 4,6-dehydratase","DTDPGLUCDEHYDRAT-RXN","dTDP-alpha-D-glucose  ->  dTDP-4-dehydro-6-deoxy-alpha-D-glucopyranose + H2O"
"355","5.1.3.13",1,"dTDP-4-dehydrorhamnose 3,5-epimerase","DTDPDEHYDRHAMEPIM-RXN","dTDP-4-dehydro-6-deoxy-alpha-D-glucopyranose  ->  dTDP-4-dehydro-beta-L-rhamnose"
"356","1.1.1.133",1,"dTDP-4-dehydrorhamnose reductase","DTDPDEHYRHAMREDUCT-RXN","dTDP-beta-L-rhamnose + NADP+  &larr;  dTDP-4-dehydro-beta-L-rhamnose + NADPH + H+"
"357","1.2.7.1",1,"pyruvate synthase","PYRUFLAVREDUCT-RXN","pyruvate + coenzyme A + 2 oxidized ferredoxin [iron-sulfur] cluster  <->  acetyl-CoA + CO2 + 2 reduced ferredoxin [iron-sulfur] cluster + H+"
"358","1.2.7.1",1,"pyruvate synthase","PYFLAVOXRE-RXN","pyruvate + coenzyme A + oxidized flavodoxin + H+  <->  acetyl-CoA + CO2 + reduced flavodoxin"
"359","1.1.1.28",1,"D-lactate dehydrogenase","DLACTDEHYDROGNAD-RXN","(R)-lactate + NAD+  <->  pyruvate + NADH + H+"
"360","2.3.1.8",1,"phosphate acetyltransferase","PHOSACETYLTRANS-RXN","acetyl-CoA + phosphate  <->  acetyl phosphate + coenzyme A"
"361","5.3.1.8",1,"mannose-6-phosphate isomerase","MANNPISOM-RXN","D-mannopyranose 6-phosphate  <->  beta-D-fructofuranose 6-phosphate"
"362","2.7.7.13",1,"mannose-1-phosphate guanylyltransferase","2.7.7.13-RXN","alpha-D-mannose 1-phosphate + GTP + H+  ->  GDP-alpha-D-mannose + diphosphate"
"363","2.4.2.8",1,"guanine phosphoribosyltransferase","GUANPRIBOSYLTRAN-RXN","GMP + diphosphate  &larr;  guanine + 5-phospho-alpha-D-ribose 1-diphosphate"
"364","2.4.2.8",1,"guanine phosphoribosyltransferase","HYPOXANPRIBOSYLTRAN-RXN","IMP + diphosphate  &larr;  hypoxanthine + 5-phospho-alpha-D-ribose 1-diphosphate"
"365","1.1.1.205",1,"IMP dehydrogenase","IMP-DEHYDROG-RXN","IMP + NAD+ + H2O  <->  XMP + NADH + H+"
"366","6.3.5.2",1,"xanthosine-5'-phosphate:L-glutamine amido-ligase (AMP-forming)","GMP-SYN-GLUT-RXN","XMP + L-glutamine + ATP + H2O  ->  L-glutamate + GMP + AMP + diphosphate + 2 H+"
"367","2.7.4.8",1,"guanylate kinase","RXN-22498","ATP + dZMP  ->  ADP + dZDP"
"368","2.7.4.8",1,"guanylate kinase","GUANYL-KIN-RXN","ATP + GMP  <->  ADP + GDP"
"369","5.4.2.11",1,"phosphoglycerate mutase","RXN-15513","2-phospho-D-glycerate  <->  3-phospho-D-glycerate"
"370","2.7.1.40",1,"pyruvate kinase","PEPDEPHOS-RXN","pyruvate + ATP  &larr;  phosphoenolpyruvate + ADP + H+"
"371","2.7.1.40",1,"pyruvate kinase","RXN-14192","pyruvate + dATP  &larr;  phosphoenolpyruvate + dADP + H+"
"372","2.7.1.40",1,"pyruvate kinase","RXN-14207","pyruvate + dGTP  &larr;  phosphoenolpyruvate + dGDP + H+"
"373","2.7.1.40",1,"pyruvate kinase","RXN-14117","pyruvate + GTP  &larr;  phosphoenolpyruvate + GDP + H+"
"374","6.3.5.5",2,"carbamoyl phosphate synthetase","CARBPSYN-RXN","2 ATP + L-glutamine + hydrogen carbonate + H2O  ->  L-glutamate + carbamoyl phosphate + 2 ADP + phosphate + 2 H+"
"375","2.7.6.1",1,"ribose-phosphate diphosphokinase","PRPPSYN-RXN","D-ribose 5-phosphate + ATP  <->  5-phospho-alpha-D-ribose 1-diphosphate + AMP + H+"
"376","2.1.3.2",1,"aspartate carbamoyltransferase","ASPCARBTRANS-RXN","L-aspartate + carbamoyl phosphate  ->  N-carbamoyl-L-aspartate + phosphate + H+"
"377","3.5.2.3",1,"dihydroorotase","DIHYDROOROT-RXN","(S)-dihydroorotate + H2O  <->  N-carbamoyl-L-aspartate + H+"
"378","1.3.5.2",1,"dihydroorotate dehydrogenase","RXN0-6554","(S)-dihydroorotate + a menaquinone[inner membrane]  ->  orotate + a menaquinol[inner membrane]"
"379","1.3.5.2",1,"dihydroorotate dehydrogenase","RXN-24069","(S)-dihydroorotate + a plastoquinone[inner membrane]  ->  orotate + a plastoquinol[inner membrane]"
"380","1.3.5.2",1,"dihydroorotate dehydrogenase","DIHYDROOROTATE-DEHYDROGENASE-RXN","(S)-dihydroorotate + an electron-transfer quinone[inner membrane]  ->  orotate + an electron-transfer quinol[inner membrane]"
"381","1.3.5.2",1,"dihydroorotate dehydrogenase","RXN0-6491","(S)-dihydroorotate[in] + a ubiquinone[membrane]  ->  orotate[in] + a ubiquinol[membrane]"
"382","2.4.2.10",1,"orotate phosphoribosyltransferase","OROPRIBTRANS-RXN","orotidine 5'-phosphate + diphosphate  <->  5-phospho-alpha-D-ribose 1-diphosphate + orotate"
"383","4.1.1.23",1,"orotidine-5'-phosphate decarboxylase","OROTPDECARB-RXN","orotidine 5'-phosphate + H+  ->  UMP + CO2"
"384","6.3.4.2",1,"CTP synthetase","CTPSYN-RXN","ATP + UTP + L-glutamine + H2O  ->  ADP + CTP + L-glutamate + phosphate + 2 H+"
"385","2.4.2.14",1,"amidophosphoribosyltransferase","PRPPAMIDOTRANS-RXN","5-phospho-beta-D-ribosylamine + L-glutamate + diphosphate  <->  5-phospho-alpha-D-ribose 1-diphosphate + L-glutamine + H2O"
"386","6.3.5.3",1,"phosphoribosylformylglycinamide synthetase","FGAMSYN-RXN","ATP + N2-formyl-N1-(5-phospho-beta-D-ribosyl)glycinamide + L-glutamine + H2O  ->  L-glutamate + ADP + 2-(formamido)-N1-(5-phospho-beta-D-ribosyl)acetamidine + phosphate + H+"
"387","6.3.3.1",1,"phosphoribosylformylglycinamide cyclo-ligase","AIRS-RXN","ATP + 2-(formamido)-N1-(5-phospho-beta-D-ribosyl)acetamidine  ->  ADP + 5-amino-1-(5-phospho-beta-D-ribosyl)imidazole + phosphate + H+"
"388","6.3.4.18",1,"5-(carboxyamino)imidazole ribonucleotide synthase","RXN0-742","5-amino-1-(5-phospho-beta-D-ribosyl)imidazole + ATP + hydrogen carbonate  ->  N5-carboxyaminoimidazole ribonucleotide + ADP + phosphate + 2 H+"
"389","5.4.99.18",1,"N5-carboxyaminoimidazole ribonucleotide mutase","RXN0-743","N5-carboxyaminoimidazole ribonucleotide  ->  5-amino-1-(5-phospho-D-ribosyl)imidazole-4-carboxylate"
"390","6.3.2.6",1,"phosphoribosylaminoimidazole-succinocarboxamide synthase","SAICARSYN-RXN","ATP + 5-amino-1-(5-phospho-D-ribosyl)imidazole-4-carboxylate + L-aspartate  ->  ADP + 5'-phosphoribosyl-4-(N-succinocarboxamide)-5-aminoimidazole + phosphate + H+"
"391","1.1.1.205",1,"IMP dehydrogenase","IMP-DEHYDROG-RXN","IMP + NAD+ + H2O  <->  XMP + NADH + H+"
"392","6.3.5.2",1,"xanthosine-5'-phosphate:L-glutamine amido-ligase (AMP-forming)","GMP-SYN-GLUT-RXN","XMP + L-glutamine + ATP + H2O  ->  L-glutamate + GMP + AMP + diphosphate + 2 H+"
"393","2.7.4.8",1,"guanylate kinase","RXN-22498","ATP + dZMP  ->  ADP + dZDP"
"394","2.7.4.8",1,"guanylate kinase","GUANYL-KIN-RXN","ATP + GMP  <->  ADP + GDP"
"395","6.3.4.4",1,"adenylosuccinate synthase","ADENYLOSUCCINATE-SYNTHASE-RXN","L-aspartate + IMP + GTP  ->  adenylosuccinate + GDP + phosphate + 2 H+"
"396","2.6.1.9",1,"histidinol-phosphate aminotransferase","HISTAMINOTRANS-RXN","L-histidinol phosphate + 2-oxoglutarate  <->  3-(imidazol-4-yl)-2-oxopropyl phosphate + L-glutamate"
"397","5.4.3.2",1,"L-lysine 2,3-aminomutase","LYSINE-23-AMINOMUTASE-RXN","L-lysine  ->  L-beta-lysine"
"398","5.4.3.3",2,"L-beta-lysine-5,6-aminomutase","D-LYSINE-56-AMINOMUTASE-RXN","D-lysine  ->  (2R,5S)-2,5-diaminohexanoate"
"399","5.4.3.3",2,"L-beta-lysine-5,6-aminomutase","BETA-LYSINE-56-AMINOMUTASE-RXN","L-beta-lysine  <->  (3S,5S)-3,5-diaminohexanoate"
"400","1.4.1.11",1,"3,5-diaminohexanoate dehydrogenase","1.4.1.11-RXN","(3S,5S)-3,5-diaminohexanoate + NAD+ + H2O  ->  (S)-5-amino-3-oxohexanoate + ammonium + NADH + H+"
"401","2.3.1.247",1,"(S)-5-amino-3-oxohexanoate cleavage enzyme","R125-RXN","(S)-5-amino-3-oxohexanoate + acetyl-CoA  <->  (S)-3-aminobutanoyl-CoA + acetoacetate"
"402","2.3.1.8",1,"phosphate acetyltransferase","PHOSACETYLTRANS-RXN","acetyl-CoA + phosphate  <->  acetyl phosphate + coenzyme A"
"403","2.3.1.29",1,"2-amino-3-ketobutyrate CoA ligase","AKBLIG-RXN","glycine + acetyl-CoA  <->  L-2-amino-3-oxobutanoate + coenzyme A"
"404","2.1.1.163",1,"demethylmenaquinone methyltransferase","RXN-14177","6-methoxy-2-all-trans-octaprenyl-1,4-benzoquinone + S-adenosyl-L-methionine  ->  3-methyl-6-methoxy-2-octaprenyl-1,4-benzoquinone + S-adenosyl-L-homocysteine + H+"
"405","2.1.1.163",1,"demethylmenaquinone methyltransferase","RXN-11046","S-adenosyl-L-methionine + a 2-demethylmenaquinol  ->  S-adenosyl-L-homocysteine + a menaquinol + H+"
"406","2.1.1.163",1,"demethylmenaquinone methyltransferase","RXN-9361","S-adenosyl-L-methionine + demethylmenaquinol-10  ->  S-adenosyl-L-homocysteine + menaquinol-10 + H+"
"407","2.1.1.163",1,"demethylmenaquinone methyltransferase","RXN-9362","S-adenosyl-L-methionine + demethylmenaquinol-11  ->  S-adenosyl-L-homocysteine + menaquinol-11 + H+"
"408","2.1.1.163",1,"demethylmenaquinone methyltransferase","RXN-9363","S-adenosyl-L-methionine + demethylmenaquinol-12  ->  S-adenosyl-L-homocysteine + menaquinol-12 + H+"
"409","2.1.1.163",1,"demethylmenaquinone methyltransferase","RXN-9366","S-adenosyl-L-methionine + demethylmenaquinol-13  ->  S-adenosyl-L-homocysteine + menaquinol-13 + H+"
"410","2.1.1.163",1,"demethylmenaquinone methyltransferase","RXN-19667","S-adenosyl-L-methionine + demethylmenaquinol-4  ->  S-adenosyl-L-homocysteine + menaquinol-4 + H+"
"411","2.1.1.163",1,"demethylmenaquinone methyltransferase","RXN-9220","S-adenosyl-L-methionine + demethylmenaquinol-6  ->  S-adenosyl-L-homocysteine + menaquinol-6 + H+"
"412","2.1.1.163",1,"demethylmenaquinone methyltransferase","RXN-9191","S-adenosyl-L-methionine + demethylmenaquinol-7  ->  S-adenosyl-L-homocysteine + menaquinol-7 + H+"
"413","2.1.1.163",1,"demethylmenaquinone methyltransferase","ADOMET-DMK-METHYLTRANSFER-RXN","S-adenosyl-L-methionine + demethylmenaquinol-8  ->  S-adenosyl-L-homocysteine + menaquinol-8 + H+"
"414","2.1.1.163",1,"demethylmenaquinone methyltransferase","RXN-9205","S-adenosyl-L-methionine + demethylmenaquinol-9  ->  S-adenosyl-L-homocysteine + menaquinol-9 + H+"
"415","2.5.1.120",1,"aminodeoxyfutalosine synthase","RXN-15264","3-[(1-carboxyvinyl)oxy]benzoate + S-adenosyl-L-methionine + H2O  ->  6-amino-6-deoxyfutalosine + L-methionine + hydrogen carbonate + H+"
"416","1.21.98.1",1,"dehypoxanthinylfutalosine cyclase","RXN-10620","dehypoxanthine futalosine + S-adenosyl-L-methionine  ->  cyclic dehypoxanthine futalosine + L-methionine + 5'-deoxyadenosine + H+"
"417","2.4.2.19",1,"quinolinate phosphoribosyltransferase (decarboxylating)","QUINOPRIBOTRANS-RXN","beta-nicotinate D-ribonucleotide + CO2 + diphosphate  &larr;  5-phospho-alpha-D-ribose 1-diphosphate + quinolinate + 2 H+"
"418","6.3.5.3",1,"phosphoribosylformylglycinamide synthetase","FGAMSYN-RXN","ATP + N2-formyl-N1-(5-phospho-beta-D-ribosyl)glycinamide + L-glutamine + H2O  ->  L-glutamate + ADP + 2-(formamido)-N1-(5-phospho-beta-D-ribosyl)acetamidine + phosphate + H+"
"419","6.3.3.1",1,"phosphoribosylformylglycinamide cyclo-ligase","AIRS-RXN","ATP + 2-(formamido)-N1-(5-phospho-beta-D-ribosyl)acetamidine  ->  ADP + 5-amino-1-(5-phospho-beta-D-ribosyl)imidazole + phosphate + H+"
"420","6.3.4.18",1,"5-(carboxyamino)imidazole ribonucleotide synthase","RXN0-742","5-amino-1-(5-phospho-beta-D-ribosyl)imidazole + ATP + hydrogen carbonate  ->  N5-carboxyaminoimidazole ribonucleotide + ADP + phosphate + 2 H+"
"421","5.4.99.18",1,"N5-carboxyaminoimidazole ribonucleotide mutase","RXN0-743","N5-carboxyaminoimidazole ribonucleotide  ->  5-amino-1-(5-phospho-D-ribosyl)imidazole-4-carboxylate"
"422","6.3.2.6",1,"phosphoribosylaminoimidazole-succinocarboxamide synthase","SAICARSYN-RXN","ATP + 5-amino-1-(5-phospho-D-ribosyl)imidazole-4-carboxylate + L-aspartate  ->  ADP + 5'-phosphoribosyl-4-(N-succinocarboxamide)-5-aminoimidazole + phosphate + H+"
"423","6.3.4.4",1,"adenylosuccinate synthase","ADENYLOSUCCINATE-SYNTHASE-RXN","L-aspartate + IMP + GTP  ->  adenylosuccinate + GDP + phosphate + 2 H+"
"424","1.1.1.205",1,"IMP dehydrogenase","IMP-DEHYDROG-RXN","IMP + NAD+ + H2O  <->  XMP + NADH + H+"
"425","6.3.5.2",1,"xanthosine-5'-phosphate:L-glutamine amido-ligase (AMP-forming)","GMP-SYN-GLUT-RXN","XMP + L-glutamine + ATP + H2O  ->  L-glutamate + GMP + AMP + diphosphate + 2 H+"
"426","2.7.4.8",1,"guanylate kinase","RXN-22498","ATP + dZMP  ->  ADP + dZDP"
"427","2.7.4.8",1,"guanylate kinase","GUANYL-KIN-RXN","ATP + GMP  <->  ADP + GDP"
"428","2.6.99.2",1,"pyridoxine 5'-phosphate synthase","PDXJ-RXN","1-deoxy-D-xylulose 5-phosphate + 3-amino-1-hydroxyacetone 1-phosphate  ->  pyridoxine 5'-phosphate + phosphate + H+ + 2 H2O"
"429","2.7.1.74",1,"2'-deoxycytidine kinase","DEOXYADENOSINE-KINASE-RXN","2'-deoxyadenosine + ATP  ->  dAMP + ADP + H+"
"430","2.7.1.74",1,"2'-deoxycytidine kinase","RXN-14099","2'-deoxyadenosine + UTP  =  dAMP + UDP + H+"
"431","2.7.1.74",1,"2'-deoxycytidine kinase","DEOXYCYTIDINE-KINASE-RXN","2'-deoxycytidine + a nucleoside triphosphate  ->  dCMP + a nucleoside diphosphate + H+"
"432","2.7.1.74",1,"2'-deoxycytidine kinase","RXN-14093","2'-deoxycytidine + ATP  ->  dCMP + ADP + H+"
"433","2.7.1.74",1,"2'-deoxycytidine kinase","RXN-14100","2'-deoxycytidine + UTP  =  dCMP + UDP + H+"
"434","2.7.1.74",1,"2'-deoxycytidine kinase","DEOXYGUANOSINE-KINASE-RXN","2'-deoxyguanosine + ATP  ->  dGMP + ADP + H+"
"435","2.7.1.74",1,"2'-deoxycytidine kinase","RXN-14098","2'-deoxyguanosine + UTP  =  dGMP + UDP + H+"
"436","6.3.5.5",2,"carbamoyl phosphate synthetase","CARBPSYN-RXN","2 ATP + L-glutamine + hydrogen carbonate + H2O  ->  L-glutamate + carbamoyl phosphate + 2 ADP + phosphate + 2 H+"
"437","2.1.3.2",1,"aspartate carbamoyltransferase","ASPCARBTRANS-RXN","L-aspartate + carbamoyl phosphate  ->  N-carbamoyl-L-aspartate + phosphate + H+"
"438","3.5.2.3",1,"dihydroorotase","DIHYDROOROT-RXN","(S)-dihydroorotate + H2O  <->  N-carbamoyl-L-aspartate + H+"
"439","1.3.5.2",1,"dihydroorotate dehydrogenase","RXN0-6554","(S)-dihydroorotate + a menaquinone[inner membrane]  ->  orotate + a menaquinol[inner membrane]"
"440","1.3.5.2",1,"dihydroorotate dehydrogenase","RXN-24069","(S)-dihydroorotate + a plastoquinone[inner membrane]  ->  orotate + a plastoquinol[inner membrane]"
"441","1.3.5.2",1,"dihydroorotate dehydrogenase","DIHYDROOROTATE-DEHYDROGENASE-RXN","(S)-dihydroorotate + an electron-transfer quinone[inner membrane]  ->  orotate + an electron-transfer quinol[inner membrane]"
"442","1.3.5.2",1,"dihydroorotate dehydrogenase","RXN0-6491","(S)-dihydroorotate[in] + a ubiquinone[membrane]  ->  orotate[in] + a ubiquinol[membrane]"
"443","2.4.2.10",1,"orotate phosphoribosyltransferase","OROPRIBTRANS-RXN","orotidine 5'-phosphate + diphosphate  <->  5-phospho-alpha-D-ribose 1-diphosphate + orotate"
"444","4.1.1.23",1,"orotidine-5'-phosphate decarboxylase","OROTPDECARB-RXN","orotidine 5'-phosphate + H+  ->  UMP + CO2"
"445","6.3.4.2",1,"CTP synthetase","CTPSYN-RXN","ATP + UTP + L-glutamine + H2O  ->  ADP + CTP + L-glutamate + phosphate + 2 H+"
"446","2.7.1.48",2,"uridine kinase","CYTIKIN-RXN","cytidine + ATP  ->  CMP + ADP + H+"
"447","2.7.1.48",2,"uridine kinase","CYTIDINEKIN-RXN","cytidine + GTP  ->  CMP + GDP + H+"
"448","2.7.1.48",2,"uridine kinase","URIDINEKIN-RXN","uridine + ATP  ->  UMP + ADP + H+"
"449","2.7.1.48",2,"uridine kinase","URKI-RXN","uridine + GTP  ->  UMP + GDP + H+"
"450","6.3.4.2",1,"CTP synthetase","CTPSYN-RXN","ATP + UTP + L-glutamine + H2O  ->  ADP + CTP + L-glutamate + phosphate + 2 H+"
"451","6.3.5.5",2,"carbamoyl phosphate synthetase","CARBPSYN-RXN","2 ATP + L-glutamine + hydrogen carbonate + H2O  ->  L-glutamate + carbamoyl phosphate + 2 ADP + phosphate + 2 H+"
"452","2.1.3.2",1,"aspartate carbamoyltransferase","ASPCARBTRANS-RXN","L-aspartate + carbamoyl phosphate  ->  N-carbamoyl-L-aspartate + phosphate + H+"
"453","3.5.2.3",1,"dihydroorotase","DIHYDROOROT-RXN","(S)-dihydroorotate + H2O  <->  N-carbamoyl-L-aspartate + H+"
"454","1.3.5.2",1,"dihydroorotate dehydrogenase","RXN0-6554","(S)-dihydroorotate + a menaquinone[inner membrane]  ->  orotate + a menaquinol[inner membrane]"
"455","1.3.5.2",1,"dihydroorotate dehydrogenase","RXN-24069","(S)-dihydroorotate + a plastoquinone[inner membrane]  ->  orotate + a plastoquinol[inner membrane]"
"456","1.3.5.2",1,"dihydroorotate dehydrogenase","DIHYDROOROTATE-DEHYDROGENASE-RXN","(S)-dihydroorotate + an electron-transfer quinone[inner membrane]  ->  orotate + an electron-transfer quinol[inner membrane]"
"457","1.3.5.2",1,"dihydroorotate dehydrogenase","RXN0-6491","(S)-dihydroorotate[in] + a ubiquinone[membrane]  ->  orotate[in] + a ubiquinol[membrane]"
"458","2.4.2.10",1,"orotate phosphoribosyltransferase","OROPRIBTRANS-RXN","orotidine 5'-phosphate + diphosphate  <->  5-phospho-alpha-D-ribose 1-diphosphate + orotate"
"459","4.1.1.23",1,"orotidine-5'-phosphate decarboxylase","OROTPDECARB-RXN","orotidine 5'-phosphate + H+  ->  UMP + CO2"
"460","6.3.4.2",1,"CTP synthetase","CTPSYN-RXN","ATP + UTP + L-glutamine + H2O  ->  ADP + CTP + L-glutamate + phosphate + 2 H+"
"461","6.4.1.3",1,"cerotoyl-CoA carboxylase","RXN1G-4355","ATP + cerotoyl-CoA + hydrogen carbonate  ->  2-carboxycerotoyl-CoA + ADP + phosphate + H+"
"462","6.4.1.3",1,"cerotoyl-CoA carboxylase","PROPIONYL-COA-CARBOXY-RXN","ATP + propanoyl-CoA + hydrogen carbonate  <->  (S)-methylmalonyl-CoA + ADP + phosphate + H+"
"463","5.4.99.2",2,"methylmalonyl-CoA mutase","METHYLMALONYL-COA-MUT-RXN","(R)-methylmalonyl-CoA  <->  succinyl-CoA"
"464","4.1.99.19",1,"2-iminoacetate synthase","RXN-11319","L-tyrosine + S-adenosyl-L-methionine + NADPH  ->  2-iminoacetate + 4-methylphenol + 5'-deoxyadenosine + L-methionine + NADP+ + H+"
"465","2.8.1.10",1,"1-deoxy-D-xylulose 5-phosphate:thiol sulfurtransferase","THIAZOLSYN2-RXN","1-deoxy-D-xylulose 5-phosphate + 2-iminoacetate + thiocarboxylated-[ThiS sulfur-carrier protein]  ->  2-[(2R,5Z)-2-carboxy-4-methylthiazol-5(2H)-ylidene]ethyl phosphate + [ThiS sulfur-carrier protein] + 2 H2O"
"466","2.5.1.3",1,"thiamine phosphate synthase","RXN-12610","2-(2-carboxy-4-methylthiazol-5-yl)ethyl phosphate + 4-amino-2-methyl-5-(diphosphooxymethyl)pyrimidine + 2 H+  ->  thiamine phosphate + CO2 + diphosphate"
"467","2.5.1.3",1,"thiamine phosphate synthase","RXN-12611","2-[(2R,5Z)-2-carboxy-4-methylthiazol-5(2H)-ylidene]ethyl phosphate + 4-amino-2-methyl-5-(diphosphooxymethyl)pyrimidine + 2 H+  ->  thiamine phosphate + CO2 + diphosphate"
"468","2.5.1.3",1,"thiamine phosphate synthase","THI-P-SYN-RXN","4-methyl-5-(2-phosphooxyethyl)thiazole + 4-amino-2-methyl-5-(diphosphooxymethyl)pyrimidine + H+  ->  thiamine phosphate + diphosphate"
"469","2.7.4.16",1,"thiamine monophosphate kinase","THI-P-KIN-RXN","thiamine phosphate + ATP  ->  ADP + thiamine diphosphate"
"470","1.1.1.22",1,"UDP-glucose dehydrogenase","UGD-RXN","UDP-alpha-D-glucose + 2 NAD+ + H2O  ->  UDP-alpha-D-glucuronate + 2 NADH + 3 H+"
"471","5.4.99.9",1,"UDP-galactopyranose mutase","GALPMUT-RXN","UDP-alpha-D-galactose  <->  UDP-alpha-D-galactofuranose"
"472","1.1.1.100",1,"3-oxoacyl-[ACP] reductase","RXN-21696","(3R)-3-hydroxy-12-methyltridecanoyl-[acp] + NADP+  &larr;  12-methyl-3-oxotridecanoyl-[acp] + NADPH + H+"
"473","1.1.1.100",1,"3-oxoacyl-[ACP] reductase","RXN-21665","(3R)-3-hydroxy-13-methyltetradecanoyl-[acp] + NADP+  &larr;  13-methyl-3-oxotetradecanoyl-[acp] + NADPH + H+"
"474","1.1.1.100",1,"3-oxoacyl-[ACP] reductase","RXN-21702","(3R)-3-hydroxy-14-methylpentadecanoyl-[acp] + NADP+  &larr;  14-methyl-3-oxopentadecanoyl-[acp] + NADPH + H+"
"475","1.1.1.100",1,"3-oxoacyl-[ACP] reductase","RXN-21670","(3R)-3-hydroxy-15-methylhexadecanoyl-[acp] + NADP+  &larr;  15-methyl-3-oxohexadecanoyl-[acp] + NADPH + H+"
"476","1.1.1.100",1,"3-oxoacyl-[ACP] reductase","RXN-21681","(3R)-3-hydroxy-6-methylheptanoyl-[acp] + NADP+  &larr;  6-methyl-3-oxoheptanoyl-[acp] + NADPH + H+"
"477","1.1.1.100",1,"3-oxoacyl-[ACP] reductase","RXN-21650","(3R)-3-hydroxy-7-methyloctanoyl-[acp] + NADP+  &larr;  7-methyl-3-oxooctanoyl-[acp] + NADPH + H+"
"478","1.1.1.100",1,"3-oxoacyl-[ACP] reductase","RXN-21686","(3R)-3-hydroxy-8-methylnonanoyl-[acp] + NADP+  &larr;  8-methyl-3-oxononanoyl-[acp] + NADPH + H+"
"479","1.1.1.100",1,"3-oxoacyl-[ACP] reductase","RXN-21655","(3R)-3-hydroxy-9-methyldecanoyl-[acp] + NADP+  &larr;  9-methyl-3-oxodecanoyl-[acp] + NADPH + H+"
"480","1.1.1.100",1,"3-oxoacyl-[ACP] reductase","3-OXOACYL-ACP-REDUCT-RXN","(3R)-3-hydroxyacyl-[acyl-carrier protein] + NADP+  &larr;  3-oxoacyl-[acyl-carrier protein] + NADPH + H+"
"481","1.1.1.100",1,"3-oxoacyl-[ACP] reductase","RXN-9528","(3R)-3-hydroxydecanoyl-[acp] + NADP+  &larr;  3-oxodecanoyl-[acp] + NADPH + H+"
"482","1.1.1.100",1,"3-oxoacyl-[ACP] reductase","RXN1G-469","(3R)-3-hydroxydocosanoyl-[acp] + NADP+  &larr;  3-oxodocosanoyl-[acp] + NADPH + H+"
"483","1.1.1.100",1,"3-oxoacyl-[ACP] reductase","RXN1G-157","(3R)-3-hydroxydocosanoyl-[acp] + NADP+  &larr;  3-oxodocosanoyl-[acp] + NADPH + H+"
"484","1.1.1.100",1,"3-oxoacyl-[ACP] reductase","RXN-9540","(3R)-3-hydroxyhexadecanoyl-[acp] + NADP+  &larr;  3-oxohexadecanoyl-[acp] + NADPH + H+"
"485","1.1.1.100",1,"3-oxoacyl-[ACP] reductase","RXN-9518","(3R)-3-hydroxyhexanoyl-[acp] + NADP+  &larr;  3-oxohexanoyl-[acp] + NADPH + H+"
"486","1.1.1.100",1,"3-oxoacyl-[ACP] reductase","RXN1G-349","(3R)-3-hydroxyicosanoyl-[acp] + NADP+  &larr;  3-oxoicosanoyl-[acp] + NADPH + H+"
"487","1.1.1.100",1,"3-oxoacyl-[ACP] reductase","RXN-9633","(3R)-3-hydroxyoctadecanoyl-[acp] + NADP+  &larr;  3-oxooctadecanoyl-[acp] + NADPH + H+"
"488","1.1.1.100",1,"3-oxoacyl-[ACP] reductase","RXN-9524","(3R)-3-hydroxyoctanoyl-[acp] + NADP+  &larr;  3-oxooctanoyl-[acp] + NADPH + H+"
"489","1.1.1.100",1,"3-oxoacyl-[ACP] reductase","RXN-23642","(3R)-3-hydroxypentanoyl-[TcsA polyketide synthase] + NADP+  &larr;  3-oxopentanoyl-[TcsA polyketide synthase] + NADPH + H+"
"490","1.1.1.100",1,"3-oxoacyl-[ACP] reductase","RXN-22026","(3R)-3-hydroxypimeloyl-[acp] + NADP+  &larr;  3-oxopimeloyl-[acp] + NADPH + H+"
"491","1.1.1.100",1,"3-oxoacyl-[ACP] reductase","RXN-9536","(3R)-3-hydroxytetradecanoyl-[acp] + NADP+  &larr;  3-oxotetradecanoyl-[acp] + NADPH + H+"
"492","1.1.1.100",1,"3-oxoacyl-[ACP] reductase","RXN-9556","(3R,11Z)-3-hydroxyoctadec-11-enoyl-[acp] + NADP+  &larr;  (11Z)-3-oxooctadec-11-enoyl-[acp] + NADPH + H+"
"493","1.1.1.100",1,"3-oxoacyl-[ACP] reductase","RXN-21631","(3R,12S)-3-hydroxy-12-methyltetradecanoyl-[acp] + NADP+  &larr;  (12S)-12-methyl-3-oxotetradecanoyl-[acp] + NADPH + H+"
"494","1.1.1.100",1,"3-oxoacyl-[ACP] reductase","RXN-21635","(3R,14S)-3-hydroxy-14-methylhexadecanoyl-[acp] + NADP+  &larr;  (14S)-14-methyl-3-oxohexadecanoyl-[acp] + NADPH + H+"
"495","1.1.1.100",1,"3-oxoacyl-[ACP] reductase","RXN0-2142","(3R,5Z)-3-hydroxydodec-5-enoyl-[acp] + NADP+  &larr;  (5Z)-3-oxododec-5-enoyl-[acp] + NADPH + H+"
"496","1.1.1.100",1,"3-oxoacyl-[ACP] reductase","RXN-16616","(3R,5Z)-3-hydroxy-tetradec-5-enoyl-[acp] + NADP+  &larr;  (5Z)-3-oxo-tetradec-5-enoyl-[acp] + NADPH + H+"
"497","1.1.1.100",1,"3-oxoacyl-[ACP] reductase","RXN-21618","(3R,6S)-3-hydroxy-6-methyloctanoyl-[acp] + NADP+  &larr;  (6S)-6-methyl-3-oxooctanoyl-[acp] + NADPH + H+"
"498","1.1.1.100",1,"3-oxoacyl-[ACP] reductase","RXN-10655","(3R,7Z)-3-hydroxytetradec-7-enoyl-[acp] + NADP+  &larr;  (7Z)-3-oxotetradec-7-enoyl-[acp] + NADPH + H+"
"499","1.1.1.100",1,"3-oxoacyl-[ACP] reductase","RXN-13008","(3R,7Z,10Z,13Z,16Z,19Z)-3-hydroxydocosa-7,10,13,16,19-pentaenoyl-[acp] + NADP+  &larr;  (7Z,10Z,13Z,16Z,19Z)-3-oxodocosa-7,10,13,16,19-pentaenoyl-[acp] + NADPH + H+"
"500","1.1.1.100",1,"3-oxoacyl-[ACP] reductase","RXN-21622","(3R,8S)-3-hydroxy-8-methyldecanoyl-[acp] + NADP+  &larr;  (8S)-8-methyl-3-oxodecanoyl-[acp] + NADPH + H+"
"501","1.1.1.100",1,"3-oxoacyl-[ACP] reductase","RXN-10659","(3R,9Z)-3-hydroxyhexadec-9-enoyl-[acp] + NADP+  &larr;  (9Z)-3-oxohexadec-9-enoyl-[acp] + NADPH + H+"
"502","1.1.1.100",1,"3-oxoacyl-[ACP] reductase","RXN-11476","(3R)-3-hydroxyglutaryl-[acp] methyl ester + NADP+  &larr;  3-oxoglutaryl-[acp] methyl ester + NADPH + H+"
"503","1.1.1.100",1,"3-oxoacyl-[ACP] reductase","RXN-11480","(3R)-3-hydroxypimeloyl-[acp] methyl ester + NADP+  &larr;  3-oxopimeloyl-[acp] methyl ester + NADPH + H+"
"504","1.1.1.100",1,"3-oxoacyl-[ACP] reductase","RXN-16630","(3R,11Z)-3-hydroxy-icos-11-enoyl-[acp] + NADP+  &larr;  (11Z)-3-oxo-icos-11-enoyl-[acp] + NADPH + H+"
"505","1.1.1.100",1,"3-oxoacyl-[ACP] reductase","RXN-9552","(3R,6Z)-3-hydroxyoctadec-6-enoyl-[acp] + NADP+  &larr;  (6Z)-3-oxooctadec-6-enoyl-[acp] + NADPH + H+"
"506","1.1.1.100",1,"3-oxoacyl-[ACP] reductase","RXN-16622","(3R,7Z)-3-hydroxy-hexadec-7-enoyl-[acp] + NADP+  &larr;  (7Z)-3-oxo-hexadec-7-enoyl-[acp] + NADPH + H+"
"507","1.1.1.100",1,"3-oxoacyl-[ACP] reductase","RXN-16626","(3R,9Z)-3-hydroxy-octadec-9-enoyl-[acp] + NADP+  &larr;  (9Z)-3-oxo-octadec-9-enoyl-[acp] + NADPH + H+"
"508","1.1.1.100",1,"3-oxoacyl-[ACP] reductase","RXN-21614","(4S,3R)-3-hydroxy-4-methylhexanoyl-[acp] + NADP+  &larr;  (4S)-4-methyl-3-oxohhexanoyl-[acp] + NADPH + H+"
"509","1.1.1.100",1,"3-oxoacyl-[ACP] reductase","RXN-21691","(3R)-3-hydroxy-10-methylundecanoyl-[acp] + NADP+  &larr;  1o-methyl-3-oxoundecanoyl-[acp] + NADPH + H+"
"510","1.1.1.100",1,"3-oxoacyl-[ACP] reductase","RXN-21660","(3R)-3-hydroxy-11-methyldodecanoyl-[acp] + NADP+  &larr;  11-methyl-3-oxododecanoyl-[acp] + NADPH + H+"
"511","1.1.1.100",1,"3-oxoacyl-[ACP] reductase","RXN-21676","(3R)-3-hydroxy-4-methylpentanoyl-[acp] + NADP+  &larr;  4-methyl-3-oxopentanoyl-[acp] + NADPH + H+"
"512","1.1.1.100",1,"3-oxoacyl-[ACP] reductase","RXN-21645","(3R)-3-hydroxy-5-methylhexanoyl-[acp] + NADP+  &larr;  5-methyl-3-oxohexanoyl-[acp] + NADPH + H+"
"513","1.1.1.100",1,"3-oxoacyl-[ACP] reductase","RXN-9514","(3R)-3-hydroxybutanoyl-[acp] + NADP+  &larr;  acetoacetyl-[acp] + NADPH + H+"
"514","1.1.1.100",1,"3-oxoacyl-[ACP] reductase","RXN-9532","(3R)-3-hydroxydodecanoyl-[acp] + NADP+  &larr;  3-oxododecanoyl-[acp] + NADPH + H+"
"515","1.1.1.100",1,"3-oxoacyl-[ACP] reductase","RXN-21626","(3R,10S)-3-hydroxy-10-methyldodecanoyl-[acp] + NADP+  &larr;  (10S)-10-methyl-3-oxododecanoyl-[acp] + NADPH + H+"
"516","2.3.1.179",1,"3-oxo-cis-vaccenoyl-[acp] synthase","RXN-21629","(10S)-10-methyldodecanoyl-[acp] + malonyl-[acp] + H+  ->  (12S)-12-methyl-3-oxotetradecanoyl-[acp] + CO2 + acyl-carrier protein"
"517","2.3.1.179",1,"3-oxo-cis-vaccenoyl-[acp] synthase","RXN-21634","(12S)-12-methyltetradecanoyl-[acp] + malonyl-[acp] + H+  ->  (14S)-14-methyl-3-oxohexadecanoyl-[acp] + CO2 + acyl-carrier protein"
"518","2.3.1.179",1,"3-oxo-cis-vaccenoyl-[acp] synthase","RXN0-2141","(3Z)-dec-3-enoyl-[acp] + malonyl-[acp] + H+  ->  (5Z)-3-oxododec-5-enoyl-[acp] + acyl-carrier protein + CO2"
"519","2.3.1.179",1,"3-oxo-cis-vaccenoyl-[acp] synthase","RXN-16615","(3Z)-dodec-3-enoyl-[acp] + malonyl-[acp] + H+  ->  (5Z)-3-oxo-tetradec-5-enoyl-[acp] + acyl-carrier protein + CO2"
"520","2.3.1.179",1,"3-oxo-cis-vaccenoyl-[acp] synthase","RXN-21617","(4S)-4-methylhexanoyl-[acp] + malonyl-[acp] + H+  ->  (6S)-6-methyl-3-oxooctanoyl-[acp] + CO2 + acyl-carrier protein"
"521","2.3.1.179",1,"3-oxo-cis-vaccenoyl-[acp] synthase","RXN-8391","(4Z)-hexadec-4-enoyl-[acp] + malonyl-[acp] + H+  ->  (6Z)-3-oxooctadec-6-enoyl-[acp] + acyl-carrier protein + CO2"
"522","2.3.1.179",1,"3-oxo-cis-vaccenoyl-[acp] synthase","RXN-10654","(5Z)-dodec-5-enoyl-[acp] + malonyl-[acp] + H+  ->  (7Z)-3-oxotetradec-7-enoyl-[acp] + acyl-carrier protein + CO2"
"523","2.3.1.179",1,"3-oxo-cis-vaccenoyl-[acp] synthase","RXN-16621","(5Z)-tetradec-5-enoyl-[acp] + malonyl-[acp] + H+  ->  (7Z)-3-oxo-hexadec-7-enoyl-[acp] + acyl-carrier protein + CO2"
"524","2.3.1.179",1,"3-oxo-cis-vaccenoyl-[acp] synthase","RXN-21621","(6S)-6-methyloctanoyl-[acp] + malonyl-[acp] + H+  ->  (8S)-8-methyl-3-oxodecanoyl-[acp] + CO2 + acyl-carrier protein"
"525","2.3.1.179",1,"3-oxo-cis-vaccenoyl-[acp] synthase","RXN-10658","(7Z)-tetradec-7-enoyl-[acp] + malonyl-[acp] + H+  ->  (9Z)-3-oxohexadec-9-enoyl-[acp] + acyl-carrier protein + CO2"
"526","2.3.1.179",1,"3-oxo-cis-vaccenoyl-[acp] synthase","RXN-16625","(7Z)-hexadec-7-enoyl-[acp] + malonyl-[acp] + H+  ->  (9Z)-3-oxo-octadec-9-enoyl-[acp] + acyl-carrier protein + CO2"
"527","2.3.1.179",1,"3-oxo-cis-vaccenoyl-[acp] synthase","RXN-21625","(8S)-8-methyldecanoyl-[acyl-carrier protein] + malonyl-[acp] + H+  ->  (10S)-10-methyl-3-oxododecanoyl-[acp] + CO2 + acyl-carrier protein"
"528","2.3.1.179",1,"3-oxo-cis-vaccenoyl-[acp] synthase","RXN-21695","10-methylundecanoyl-[acp] + malonyl-[acp] + H+  ->  12-methyl-3-oxotridecanoyl-[acp] + CO2 + acyl-carrier protein"
"529","2.3.1.179",1,"3-oxo-cis-vaccenoyl-[acp] synthase","RXN-21664","11-methyldodecanoyl-[acp] + malonyl-[acp] + H+  ->  13-methyl-3-oxotetradecanoyl-[acp] + CO2 + acyl-carrier protein"
"530","2.3.1.179",1,"3-oxo-cis-vaccenoyl-[acp] synthase","RXN-21701","12-methyltridecanoyl-[acp] + malonyl-[acp] + H+  ->  14-methyl-3-oxopentadecanoyl-[acp] + CO2 + acyl-carrier protein"
"531","2.3.1.179",1,"3-oxo-cis-vaccenoyl-[acp] synthase","RXN-21669","13-methyltetradecanoyl-[acp] + malonyl-[acp] + H+  ->  15-methyl-3-oxohexadecanoyl-[acp] + CO2 + acyl-carrier protein"
"532","2.3.1.179",1,"3-oxo-cis-vaccenoyl-[acp] synthase","3-OXOACYL-ACP-SYNTH-RXN","2,3,4-saturated fatty acyl-[acp] + malonyl-[acp] + H+  ->  3-oxoacyl-[acyl-carrier protein] + CO2 + acyl-carrier protein"
"533","2.3.1.179",1,"3-oxo-cis-vaccenoyl-[acp] synthase","RXN-21680","5-methylhexanoyl-[acp] + malonyl-[acp] + H+  ->  6-methyl-3-oxoheptanoyl-[acp] + CO2 + acyl-carrier protein"
"534","2.3.1.179",1,"3-oxo-cis-vaccenoyl-[acp] synthase","RXN-21649","5-methylhexanoyl-[acp] + malonyl-[acp] + H+  ->  7-methyl-3-oxooctanoyl-[acp] + CO2 + acyl-carrier protein"
"535","2.3.1.179",1,"3-oxo-cis-vaccenoyl-[acp] synthase","RXN-21685","6-methylheptanoyl-[acp] + malonyl-[acp] + H+  ->  8-methyl-3-oxononanoyl-[acp] + CO2 + acyl-carrier protein"
"536","2.3.1.179",1,"3-oxo-cis-vaccenoyl-[acp] synthase","RXN-21654","7-methyloctanoyl-[acp] + malonyl-[acp] + H+  ->  9-methyl-3-oxodecanoyl-[acp] + CO2 + acyl-carrier protein"
"537","2.3.1.179",1,"3-oxo-cis-vaccenoyl-[acp] synthase","RXN-21690","8-methylnonanoyl-[acyl-carrier protein] + malonyl-[acp] + H+  ->  1o-methyl-3-oxoundecanoyl-[acp] + CO2 + acyl-carrier protein"
"538","2.3.1.179",1,"3-oxo-cis-vaccenoyl-[acp] synthase","RXN-21659","9-methyldecanoyl-[acyl-carrier protein] + malonyl-[acp] + H+  ->  11-methyl-3-oxododecanoyl-[acp] + CO2 + acyl-carrier protein"
"539","2.3.1.179",1,"3-oxo-cis-vaccenoyl-[acp] synthase","RXN-9516","butanoyl-[acp] + malonyl-[acp] + H+  ->  3-oxohexanoyl-[acp] + CO2 + acyl-carrier protein"
"540","2.3.1.179",1,"3-oxo-cis-vaccenoyl-[acp] synthase","RXN-9531","decanoyl-[acp] + malonyl-[acp] + H+  ->  3-oxododecanoyl-[acp] + CO2 + acyl-carrier protein"
"541","2.3.1.179",1,"3-oxo-cis-vaccenoyl-[acp] synthase","RXN-11479","glutaryl-[acp] methyl ester + malonyl-[acp] + H+  ->  3-oxopimeloyl-[acp] methyl ester + CO2 + acyl-carrier protein"
"542","2.3.1.179",1,"3-oxo-cis-vaccenoyl-[acp] synthase","RXN-9523","hexanoyl-[acp] + malonyl-[acp] + H+  ->  3-oxooctanoyl-[acp] + CO2 + acyl-carrier protein"
"543","2.3.1.179",1,"3-oxo-cis-vaccenoyl-[acp] synthase","RXN-11474","malonyl-[acp] methyl ester + malonyl-[acp] + H+  ->  3-oxoglutaryl-[acp] methyl ester + CO2 + acyl-carrier protein"
"544","2.3.1.179",1,"3-oxo-cis-vaccenoyl-[acp] synthase","RXN-9539","myristoyl-[acp] + malonyl-[acp] + H+  ->  3-oxohexadecanoyl-[acp] + CO2 + acyl-carrier protein"
"545","2.3.1.179",1,"3-oxo-cis-vaccenoyl-[acp] synthase","RXN-9527","octanoyl-[acp] + malonyl-[acp] + H+  ->  3-oxodecanoyl-[acp] + CO2 + acyl-carrier protein"
"546","2.3.1.179",1,"3-oxo-cis-vaccenoyl-[acp] synthase","RXN-16629","oleoyl-[acp] + malonyl-[acp] + H+  ->  (11Z)-3-oxo-icos-11-enoyl-[acp] + acyl-carrier protein + CO2"
"547","2.3.1.179",1,"3-oxo-cis-vaccenoyl-[acp] synthase","2.3.1.179-RXN","palmitoleoyl-[acp] + malonyl-[acp] + H+  ->  (11Z)-3-oxooctadec-11-enoyl-[acp] + CO2 + acyl-carrier protein"
"548","1.1.1.267",1,"1-deoxy-D-xylulose 5-phosphate reductoisomerase","DXPREDISOM-RXN","2-C-methyl-D-erythritol 4-phosphate + NADP+  <->  1-deoxy-D-xylulose 5-phosphate + NADPH + H+"
"549","1.17.7.3",1,"1-hydroxy-2-methyl-2-(E)-butenyl 4-diphosphate synthase","RXN-15878","(E)-4-hydroxy-3-methylbut-2-en-1-yl diphosphate + oxidized flavodoxin + H2O + H+  &larr;  2-C-methyl-D-erythritol-2,4-cyclodiphosphate + reduced flavodoxin"
"550","1.17.7.4",1,"isopentenyl-diphosphate:NAD(P)+ oxidoreductase","ISPH2-RXN","3-methylbut-3-en-1-yl diphosphate + 2 oxidized ferredoxin [iron-sulfur] cluster + H2O  &larr;  (E)-4-hydroxy-3-methylbut-2-en-1-yl diphosphate + 2 reduced ferredoxin [iron-sulfur] cluster + 2 H+"
"551","1.17.7.4",1,"isopentenyl-diphosphate:NAD(P)+ oxidoreductase","RXN-24044","3-methylbut-3-en-1-yl diphosphate + oxidized flavodoxin + H2O  &larr;  (E)-4-hydroxy-3-methylbut-2-en-1-yl diphosphate + reduced flavodoxin"
"552","1.17.7.4",1,"isopentenyl-diphosphate:NAD(P)+ oxidoreductase","RXN0-884","prenyl diphosphate + 2 oxidized ferredoxin [iron-sulfur] cluster + H2O  &larr;  (E)-4-hydroxy-3-methylbut-2-en-1-yl diphosphate + 2 reduced ferredoxin [iron-sulfur] cluster + 2 H+"
"553","1.17.7.4",1,"isopentenyl-diphosphate:NAD(P)+ oxidoreductase","RXN-24043","prenyl diphosphate + oxidized flavodoxin + H2O  &larr;  (E)-4-hydroxy-3-methylbut-2-en-1-yl diphosphate + reduced flavodoxin"
"554","5.3.3.2",1,"isopentenyl-diphosphate delta-isomerase","IPPISOM-RXN","3-methylbut-3-en-1-yl diphosphate  <->  prenyl diphosphate"
"555","5.4.99.9",1,"UDP-galactopyranose mutase","GALPMUT-RXN","UDP-alpha-D-galactose  <->  UDP-alpha-D-galactofuranose"
"556","1.1.1.22",1,"UDP-glucose dehydrogenase","UGD-RXN","UDP-alpha-D-glucose + 2 NAD+ + H2O  ->  UDP-alpha-D-glucuronate + 2 NADH + 3 H+"
